NR_TURNO,CD_CARGO,SQ_CANDIDATO,NM_URNA_CANDIDATO,NM_CANDIDATO,NR_CANDIDATO,NR_PARTIDO,SG_PARTIDO,CD_SITUACAO_CANDIDATURA,CD_SIT_TOT_TURNO
1,7,170001727901,JOSAFÁ ARAÚJO,JOSAFA JOSE DE ARAUJO,18523,18,REDE,12,5
1,6,170001723579,DANIEL UCHOA,DANIEL TADEU UCHOA MATEUS,7766,77,SOLIDARIEDADE,12,5
1,7,170001618397,EURICO CEZAR,EURICO DE LIMA CÉZAR JÚNIOR,18118,18,REDE,12,5
1,7,170001735574,BELO BELO,ROGERIO FAÇANHA DE SOUZA,44944,44,UNIÃO,12,5
1,7,170001723517,BERTINHO,BARTOLOMEU GALDINO DA SILVA,90190,90,PROS,3,4
1,6,170001634984,NELSON DAS BARREIRAS,NELSON BATISTA DE SÁ BARRETO FILHO,2827,28,PRTB,12,4
1,7,170001610751,LEANDRO KARIOKA,LEANDRO OLIVEIRA DOS ANJOS,77122,77,SOLIDARIEDADE,12,5
1,6,170001723515,EDSON BAIXINHO ,EDSON FIRMINO DO NASCIMENTO,9090,90,PROS,3,4
1,7,170001619712,DHIEGO SERRA,DHIEGO ADAUTO MAGALHÃES MOURATO,22100,22,PL,12,5
1,6,170001723350,IRMÃO DA KOMBI,IRINEU FRANCISCO DA SILVA,2711,27,DC,12,4
1,6,170001618837,THALLES CHERLES,THALLES PITTER GOMES DA SILVA,1255,12,PDT,12,4
1,6,170001718027,OBAMA,SAMUEL JOSE OBAMA DE ARAUJO,3369,33,PMN,12,4
1,6,170001619597,TÚLIO GADELHA,TÚLIO GADELHA SALES DE MELO,1818,18,REDE,12,2
1,7,170001610750,FABRIZIO FERRAZ,FABRIZIO DARIO DE SÁ FERRAZ,77111,77,SOLIDARIEDADE,12,2
1,7,170001619690,TIAGO MEDEIROS,TIAGO FEITOSA DOS SANTOS MEDEIROS,22822,22,PL,12,5
1,9,170001601202,RICARDO CHAVEIRINHO,RICARDO JOSÉ DA SILVA,160,16,PSTU,12,4
1,7,170001609303,KIKO,HENRIQUE SEVERIANO DE BRITTO AZEDO,44190,44,UNIÃO,12,5
1,7,170001609298,PAULO MACIEL,PAULO ROBERTO RODRIGUES MACIEL,44149,44,UNIÃO,12,5
1,6,170001610569,DR MAURICIO PONTES,CARLOS MAURICIO FURTADO PONTES,7789,77,SOLIDARIEDADE,12,5
1,10,170001608747,ANTONIO DIAS,ANTONIO DIAS DA SILVA FILHO,456,45,PSDB,3,-1
1,6,170001618856,WOLNEY QUEIROZ,WOLNEY QUEIROZ MACIEL,1234,12,PDT,12,4
1,6,170001609044,RENILDO CALHEIROS,RENILDO VASCONCELOS CALHEIROS,6513,65,PC do B,12,3
1,6,170001609064,SANDRA DO POVO,ALEXSANDRA MARIA DA SILVA,2266,22,PL,12,5
1,7,170001718649,ANDREZA SANTOS,ANDREZA BATISTA DOS SANTOS,36700,36,AGIR,12,4
1,7,170001620378,MARQUILANO,MARQUILANO FRANCISCO DA SILVA,40240,40,PSB,12,5
1,7,170001619713,XANDE BOLA,ALEXANDRE PABLO DE ALBUQUERQUE,22223,22,PL,12,5
1,7,170001717062,JOSÉ ALVES DOAÇÕES,JOSÉ SEBASTIÃO ALVES DE OLIVEIRA FILHO,28888,28,PRTB,12,4
1,6,170001609030,DR. PEDRO VELÔSO,PEDRO HENRIQUE LIMA VELÔSO,1301,13,PT,12,5
1,7,170001605496,RICARDO BOMBEIRO,JOSE RICARDO MEDEIROS DE ARAUJO,45193,45,PSDB,12,5
1,6,170001619581,CAROL VERGOLINO,CAROLINA BARBOSA OLIVEIRA VERGOLINO,5050,50,PSOL,12,5
1,7,170001604069,EULINA COUTINHO ,EULINA MARIA COUTINHO DA SILVA,16066,16,PSTU,12,4
1,6,170001595475,DRA VERA LOPES,VERA LUCIA LOPES VIEIRA,1023,10,REPUBLICANOS,12,5
1,9,170001717467,GABRIEL ALEX,GABRIEL ALEX DA SILVA,290,29,PCO,3,4
1,6,170001609638,TENENTE RICARDO PE,SERGIO RICARDO PEREIRA DA SILVA,5115,51,PATRIOTA,3,-1
1,7,170001723367,PROFESSOR SANTANA,ANTONIO DE LIMA SANTANA,27627,27,DC,12,4
1,7,170001618407,ALEXANDRE PIRES,ALEXANDRE HENRIQUE BEZERRA PIRES,50013,50,PSOL,12,5
1,6,170001613161,NUNES RAFAEL,NUNES RAFAEL MENDES COELHO,4511,45,PSDB,12,4
1,6,170001609131,GALO CEGO ,SEVERINO MANOEL DA SILVA NETO,4452,44,UNIÃO,12,5
1,6,170001620146,CAPITÃO SALAS,RICARDO SALAS ROLDAN,1414,14,PTB,12,4
1,6,170001724243,MARIOZINHO RIBEIRO,WLADEMIR RIBEIRO GOMES,5010,50,PSOL,12,5
1,6,170001619580,PAULO RUBEM,PAULO RUBEM SANTIAGO FERREIRA,1813,18,REDE,12,5
1,6,170001620142,BETE BARROS,ELIZABETE MARIA DA SILVA BARROS,1401,14,PTB,3,4
1,7,170001618737,KAIO MANIÇOBA,KAIO CESAR DE MOURA MANIÇOBA NOVAES FERRAZ,11444,11,PP,12,2
1,6,170001595470,RAFAEL NUNES,RAFAEL NUNES DA SILVA,1003,10,REPUBLICANOS,12,5
1,6,170001609038,CRISTIANO DO CAFÉ,CRISTIANO NASCIMENTO DA SILVA,1312,13,PT,3,-1
1,6,170001609654,JURANDIR ARAUJO,JURANDIR DE ARAUJO OLIEVEIRA,5188,51,PATRIOTA,3,-1
1,6,170001634990,ISAAC TRAZENDO A ARCA,ISAAC RAMOS TEODOSIO,2882,28,PRTB,12,4
1,7,170001605477,BASILIO MACIEL,BASILIO BARBOSA MACIEL,45777,45,PSDB,12,5
1,7,170001619980,LEONARDO GALVÃO,LEONARDO DE LIMA GALVÃO,14777,14,PTB,12,4
1,6,170001634986,ANA KEYLLA,ANA KEYLLA DA SILVA,2802,28,PRTB,12,4
1,6,170001619901,MIRELA VOZES NEGRAS,MIRELA MARIA DOS SANTOS,4046,40,PSB,12,5
1,6,170001736049,RENATA LIMA,RENATA VANESSA BARBOSA DE LIMA,4402,44,UNIÃO,12,5
1,6,170001619898,MIRIAM CUNHA,MIRIAM VIEIRA DA CUNHA,4024,40,PSB,12,5
1,7,170001595444,OSVALDO CAVALCANTE,OSVALDO ALVES CAVALCANTE,10090,10,REPUBLICANOS,12,5
1,6,170001723362,LUIZ DE FRANÇA,LUIZ LINO DE FRANÇA,2744,27,DC,12,4
1,10,170001618131,FRANCISCO ALEXANDRE,FRANCISCO FERREIRA ALEXANDRE,130,13,PT,12,1
1,6,170001609126,MILTON MICUIBA,MILTON CÉSAR PEREIRA DA SILVA,4466,44,UNIÃO,12,5
1,7,170001618406,JAIME MARCELINO,JAIME MARCELINO DA SILVA,50144,50,PSOL,12,5
1,7,170001608963,FLÁVIA HELLEN,FLÁVIA HELLEN DE OLIVEIRA GOMES,13180,13,PT,12,5
1,6,170001618615,MISSIONÁRIA MICHELE COLLINS,DAIZE MICHELE DE AGUIAR GONÇALVES,1161,11,PP,12,5
1,6,170001618620,LULA DA FONTE,LUIZ EDUARDO DE QUEIROZ CAMPOS DA FONTE ALBUQUERQUE,1100,11,PP,12,3
1,7,170001620394,ERIBERTO FILHO,ERIBERTO GABRIEL ACIOLI MEDEIROS,40444,40,PSB,12,2
1,6,170001609066,FABIANNO OLIVEIRA,JOSÉ FABIANO LOPES LINO DE OLIVEIRA,2232,22,PL,12,5
1,6,170001609657,RUBEM BRITO,RUBEM JOSÉ BRITO JUNIOR,5138,51,PATRIOTA,12,4
1,6,170001718019,TOTA V-8 E V-9,ANTONIO COSMO DA SILVA FILHO,3399,33,PMN,3,-1
1,6,170001718776,DANIELA FIDELIS,MARIA DANIELA FIDELIS DO NASCIMENTO,3695,36,AGIR,12,4
1,6,170001619586,JANIELLY AZEVEDO,JANIELLY MARIA COUTINHO DE AZEVEDO,5088,50,PSOL,12,5
1,3,170001610442,MARÍLIA ARRAES,MARÍLIA VALENÇA ROCHA ARRAES DE ALENCAR,77,77,SOLIDARIEDADE,12,6
1,6,170001602561,BRUNNA BEZERRA,BRUNNA RAFAELLA NASCIMENTO BEZERRA,1900,19,PODE,12,4
1,6,170001595471,PROFESSOR SAMUEL,SAMUEL JOSE TAVARES DE OLIVEIRA,1045,10,REPUBLICANOS,12,5
1,3,170001601203,CLAUDIA RIBEIRO,CLAUDIA MACHADO RIBEIRO,16,16,PSTU,12,4
1,6,170001609073,IRMAO OSINALDO,OSINALDO VALDEMAR DE SOUZA,2299,22,PL,12,5
1,6,170001619896,PROFESSORA MARIA JOSÉ DE SENA,MARIA JOSÉ DE SENA,4001,40,PSB,12,5
1,6,170001718763,CHARLES DA JUVENTUDE,CHARLES LINDEMBERG MENDONÇA DE ALBUQUERQUE,3610,36,AGIR,3,-1
1,6,170001610566,ZÉ AUGUSTO MAIA,JOSÉ AUGUSTO MAIA,7788,77,SOLIDARIEDADE,12,5
1,7,170001718643,JORGE GOMES,JORGE GOMES DA SILVA,36999,36,AGIR,12,4
1,7,170001613435,LUIZ CARLOS PÉ DE SERRA,LUIZ CARLOS DA ROCHA,70222,70,AVANTE,12,4
1,7,170001610726,SANTOS FARIAS,JOÃO AMORIM DE FARIAS,77001,77,SOLIDARIEDADE,12,5
1,7,170001718642,VITINHO MAIA,VICTOR LUCAS BEZERRA DE SIQUEIRA,36012,36,AGIR,12,4
1,7,170001718142,LUCIANO RIBEIRO,LUCIANO MARCELO DOS SANTOS MIRANDA,33324,33,PMN,12,4
1,7,170001724259,ZÉ BRAZ COLETIVO AFROS,JOSÉ BRAZ DA SILVA,18456,18,REDE,12,5
1,7,170001610734,SEBASTIÃO DAS CAROLINAS,SEBASTIÃO FRANCISCO FARIAS FILHO,77110,77,SOLIDARIEDADE,12,5
1,7,170001609266,ALTAIR FERREIRA ,ALTAIR DA SILVA FERREIRA,44744,44,UNIÃO,12,5
1,7,170001609265,ROMERO,ROMERO LIMA BEZERRA DE ALBUQUERQUE,44444,44,UNIÃO,12,2
1,7,170001595439,HUMBERTO MARRETA,JOSE HUMBERTO DA SILVA,10300,10,REPUBLICANOS,3,-1
1,7,170001618743,DELEGADO LESSA,ERICK DA SILVA LESSA,11022,11,PP,12,5
1,7,170001723370,CARLOS XIMENES,MANOEL CARLOS XIMENES,27027,27,DC,12,4
1,7,170001613431,ERNANDE XAVIER,ERNANDE MARINHO XAVIER,70020,70,AVANTE,12,4
1,7,170001595426,FERNANDA COSTA,FERNANDA MARIA TIMOTEO SOUZA COSTA,10381,10,REPUBLICANOS,12,5
1,7,170001620369,POLLYANA DIAS,LILIAN POLLYANA DIAS FERREIRA,40222,40,PSB,12,5
1,6,170001718024,TIA NICE,CLAUDENICE SUELI DA COSTA,3365,33,PMN,12,4
1,7,170001618413,MÔNICA COLETIVO ARCO-ÍRIS,MÔNICA GLEITE DA SILVA,18222,18,REDE,12,5
1,7,170001618419,EDINALDA CUIDADORA,EDINALDA MORAIS DOS SANTOS,18321,18,REDE,12,5
1,7,170001618417,JÔ DAS JUNTAS,MARIA JOSELITA PEREIRA CAVALCANTI,50180,50,PSOL,12,5
1,6,170001718029,CLAUDIA ARAUJO,CLAUDIA CRISTINA AVELINA DE ARAUJO,3326,33,PMN,12,4
1,6,170001609076,RUBEM,RUBEM RODRIGUES DA SILVA,2234,22,PL,12,5
1,6,170001610571,DR CHARLES LUCENA,ANTÔNIO CHARLES LUCENA DE OLIVEIRA MÉLLO,7755,77,SOLIDARIEDADE,12,5
1,6,170001618844,GORETTI QUEIROZ,MARIA GORETTI CORDEIRO DE QUEIROZ,1222,12,PDT,12,4
1,7,170001718641,IRMÃO DA PEDRA,ADEILDO FRANCISCO GOMES,36333,36,AGIR,12,4
1,7,170001609886,JOÃO LIRA,JOÃO FRANCISCO DE LIRA,51111,51,PATRIOTA,3,4
1,7,170001618942,FALCÃO BENÉ PROFESSOR,ROBERTO JOSE FALCAO FERREIRA,12333,12,PDT,12,4
1,6,170001609068,CORONEL SOUZA FILHO,JOSÉ PIRES DE SOUZA FILHO,2202,22,PL,12,5
1,7,170001618751,PASTORA MANA,SEVERINA DA CONCEIÇÃO MARTINS SILVA,11440,11,PP,12,5
1,7,170001605485,NEIDINHA DE WELBER,ERONEIDES CRISTINA GOMES DO NASCIMENTO,45111,45,PSDB,12,5
1,6,170001613162,ROCO FRUTAS E VERDURAS,EDMARIO JOSÉ DE SOUZA,2345,23,CIDADANIA,3,-1
1,7,170001723182,ELISVALDO LORINHO DO POVO,ELISVALDO HENRIQUE DA SILVA,65111,65,PC do B,12,5
1,6,170001718780,EMANUEL DANTAS,EMANUEL DANTAS DO NASCIMENTO,3660,36,AGIR,3,4
1,7,170001608969,MAURICIO TREVO LAJES,MAURÍCIO JOSÉ DA SILVA,65333,65,PC do B,12,5
1,6,170001595465,ZÉ CARLOS,JOSE CARLOS DE SOUZA CAMPOS,1020,10,REPUBLICANOS,12,5
1,7,170001620396,ISIS PAQUITA,ISIS GOMES DA SILVA,40033,40,PSB,12,5
1,7,170001609878,LUCIANA PATRIOTA,LUCIANA LUIZA DE LIMA,51777,51,PATRIOTA,12,5
1,7,170001619725,CANTOR SANDRYNO FERRAZ,SANDRINO RODRIGUES DE CARVALHO FERRAZ,22678,22,PL,12,5
1,6,170001604096,CLAUDEILSON OLIVEIRA,CLAUDEILSON OLIVEIRA DE CARVALHO,4588,45,PSDB,12,4
1,6,170001613275,PROF NÉLIO FONSECA COLETIVO PE,NÉLIO FERNANDO DA FONSECA AGUIAR E SILVA,1500,15,MDB,12,5
1,6,170001602574,ZÉ NEGÃO,JOSÉ EDSON FERREIRA,1999,19,PODE,12,4
1,7,170001610738,ARMANDINHO,ARMANDO DANTAS DE BARROS FILHO,77000,77,SOLIDARIEDADE,12,5
1,6,170001609070,CORONEL MEIRA,LUIZ DE FRANÇA E SILVA MEIRA,2210,22,PL,12,2
1,6,170001609082,ANTONIO DE LEMOS,ANTÔNIO DE LEMOS VASCONCELOS NETO,2255,22,PL,12,5
1,7,170001722261,JOZELMA PAIZINHO,JOZELMA PAIZINHO DOS SANTOS MOURA,35477,35,PMB,3,-1
1,7,170001618733,DODUEL VARELA ,JOSUÉ VARELA DE OLIVEIRA,11999,11,PP,12,5
1,7,170001618409,DANIEL DO SALVE,DANIEL BRANDT GALVÃO,18100,18,REDE,12,5
1,7,170001722262,IRMÃO LEDILSON DA OFICINA,LEDILSON GOMES DA SILVA,35777,35,PMB,3,-1
1,7,170001718137,AECIO VIANA,AECIO ROBSON DE ANDRADE VIANA,33233,33,PMN,12,4
1,7,170001595436,JOSI DA ONG,JOSIVANIA MARIA BARBOSA,10111,10,REPUBLICANOS,3,-1
1,6,170001595462,FERNANDA PATRICIA,FERNANDA PATRICIA SANTOS DO NASCIMENTO,1065,10,REPUBLICANOS,12,5
1,6,170001619588,MICHELLE SANTOS,MICHELLE CARINE DOS SANTOS SIQUEIRA,5005,50,PSOL,12,5
2,3,170001604087,RAQUEL LYRA,RAQUEL TEIXEIRA LYRA LUCENA,45,45,PSDB,12,1
1,7,170001618395,DANI PORTELA,DANIELLE GONDIM PORTELA,50000,50,PSOL,12,2
1,7,170001619720,NADJÂNIA GOMES,NADJÂNIA GOMES NOGUEIRA,22212,22,PL,12,5
1,6,170001618846,ALDI SILVA,ALDIONE ANTÔNIO DA SILVA,1236,12,PDT,12,4
1,7,170001722277,ROBSON DE AGUAZINHA,ROBSON GUIMARÃES FERREIRA,35124,35,PMB,3,-1
1,7,170001609297,CHAPARRAL,CLÉBER JOSÉ DE AGUIAR DA SILVA,44222,44,UNIÃO,12,2
1,7,170001604066,BARBOSA,ANTONIO DE OLIVEIRA BARBOSA,10444,10,REPUBLICANOS,12,5
1,9,170001717121,JACKSON PEREIRA,JACKSON PEREIRA DA SILVA,281,28,PRTB,12,4
1,10,170001717120,EGRINALDO,EGRINALDO JOSE DA SILVA,281,28,PRTB,12,4
1,7,170001718133,IDO SEMPRE COM VOCE ,JOSE ROSENILDO ANDRADE DE SOUZA,33033,33,PMN,12,4
1,6,170001634989,FERNANDO LIMA RODA DE FOGO,FERNANDO DE OLIVEIRA LIMA,2887,28,PRTB,12,4
1,6,170001609028,CARLOS VERAS,JOSÉ CARLOS VERAS DOS SANTOS,1314,13,PT,12,2
1,6,170001595473,SILVIO COSTA FILHO,SILVIO SERAFIM COSTA FILHO,1010,10,REPUBLICANOS,12,2
1,7,170001610728,DR ROLAND POVOAS,ROLAND JOSÉ POVOAS DE CARVALHO,77789,77,SOLIDARIEDADE,12,5
1,7,170001609296,EDILSON DO METRO,EDILSON GOMES DE MELO,44477,44,UNIÃO,12,5
1,6,170001718011,ALESSANDRA DO POVO,ALESSANDRA LOPES DA SILVA,3344,33,PMN,12,4
1,6,170001718768,DO CARMO,MARIA DO CARMO DO NASCIMENTO MOREIRA,3630,36,AGIR,12,4
1,6,170001609065,ANA PAULA BRANDÃO,ANA PAULA BRANDÃO RODRIGUES DA SILVA DIU,2230,22,PL,12,5
2,4,170001728608,PRISCILA KRAUSE,PRISCILA KRAUSE BRANCO,45,23,CIDADANIA,12,1
1,6,170001718781,NEIDE MEYRELLYS,ZERONEIDE LOPES DA SILVA,3631,36,AGIR,12,4
1,6,170001596600,ALBÂNIA ALVES,ALBANIA DE SOUZA ALVES,3033,30,NOVO,12,4
1,6,170001609036,DULCI AMORIM,MARIA DULCICLEIDE MACÊDO COELHO AMORIM,1344,13,PT,12,5
1,7,170001608962,NUBIA SALVI,MARIA NUBIA FINIZOLA SALVI,43444,43,PV,12,5
1,7,170001723374,SIQUEIRA,ILO ALVES SIQUEIRA,27777,27,DC,3,-1
1,6,170001609043,DR LEONEL PIMENTEIRA,LEONEL PIMENTEIRA DE ABREU JÚNIOR,6540,65,PC do B,12,5
1,6,170001609024,GILBERTO DE DORA,GILBERTO JOSÉ DA SILVA,1303,13,PT,12,5
1,6,170001610570,DR WALDIR TENÓRIO,WALDIR TENÓRIO JUNIOR,7712,77,SOLIDARIEDADE,3,4
1,6,170001618840,MAJOR TOCA,ERIVALDO JOSÉ DE CARVALHO,1270,12,PDT,12,4
1,7,170001715594,LUIZA MELO,LUIZA CARLA DE MELO,21021,21,PCB,12,4
1,7,170001618933,CARLOS FERNANDO,CARLOS FERNANDO DO NASCIMENTO,12369,12,PDT,12,4
1,5,170001604083,GILSON MACHADO,GILSON MACHADO GUIMARÃES NETO,222,22,PL,12,4
1,6,170001717465,DÉBORA  GOMES,DÉBORA TAMIRES GOMES DE SALES,2906,29,PCO,3,4
1,6,170001610415,JOABE DO MERCADINHO,JOABE CELIO DE ALBUQUERQUE,7060,70,AVANTE,12,5
1,7,170001739178,NETO G DE GALEGO DE IBIRAJUBA,JOSE CUNTO GUERREIRO NETO,44844,44,UNIÃO,12,5
1,7,170001726026,EDUINO FILHO,JOSE EDUINO DE BRITO CAVALCANTI,45100,45,PSDB,3,-1
1,7,170001608953,PROFESSOR PEDRO FALCÃO,PEDRO HENRIQUE DE BARROS FALCÃO,65400,65,PC do B,12,5
1,6,170001609637,NINHA DO MALAQUIAS,SEVERINA LINDALVA DA SILVA,5155,51,PATRIOTA,12,4
1,7,170001609281,PATRÍCIA HENRY,PATRICIA TORRES HENRY,44999,44,UNIÃO,12,5
1,7,170001738824,MIRANDA QUARTETO DA ESPERANÇA,EDVALDO MIRANDA BATISTA,44244,44,UNIÃO,12,5
1,7,170001619691,NINO DE ENOQUE,ENOQUE FERREIRA DA COSTA JÚNIOR,22700,22,PL,12,3
1,6,170001613263,MARCOS VILAR,ANTÔNIO MARCOS CARDOSO VILAR DE CARVALHO,1513,15,MDB,12,5
1,7,170001609267,JADSON QUARTETO DA ESPERANÇA,JADSON JOSÉ BARBOSA,44244,44,UNIÃO,3,-1
1,7,170001609276,RAFAEL DA NOVA ALIANÇA,RAFAEL CARDOSO DA SILVA,44544,44,UNIÃO,3,-1
1,6,170001634995,DR JOSIEL BARRETO,JOSIEL BARRETO DA SILVA JUNIOR,2810,28,PRTB,12,4
1,7,170001610753,LULA CABRAL,LUIZ CABRAL DE OLIVEIRA FILHO,77777,77,SOLIDARIEDADE,12,3
1,7,170001619013,NETO LULA APOLINÁRIO,LUIZ APOLINÁRIO NETO,18444,18,REDE,3,-1
1,6,170001723211,BRANCA DURVANICE,DURVANICE GONÇALO DE OLIVEIRA,2334,23,CIDADANIA,12,4
1,7,170001609273,RENATA LIMA,RENATA VANESSA BARBOSA DE LIMA,44700,44,UNIÃO,3,-1
1,6,170001609644,LUCIANA VITOR,LUCIANA TEIXEIRA VITOR,5109,51,PATRIOTA,12,4
1,6,170001618842,FAGNER FERNANDES,JOSÉ FAGNER BEZERRA FERNANDES,1202,12,PDT,12,4
1,7,170001610723,HELLOYSA FERREIRA,HELLOYSA FERREIRA SILVA,77456,77,SOLIDARIEDADE,12,5
1,7,170001618931,ADEILDO MOURA,ADEILDO ANTONIO DE MOURA,12612,12,PDT,12,4
1,7,170001723343,FERNANDES CONCRETOS,JOSÉ FERNANDES DOS SANTOS JUNIOR,22135,22,PL,12,5
1,5,170001609174,CARLOS ANDRADE LIMA,CARLOS ANTONIO GOMES DE ANDRADE LIMA,444,44,UNIÃO,12,4
1,6,170001609039,PATRICK CAMPOS,PATRICK CAMPOS ARAÚJO,1311,13,PT,12,5
1,6,170001609641,GEORGE COSTA,GEORGE SAULO DE ANDRADE COSTA,5111,51,PATRIOTA,12,4
1,7,170001618744,ADEMAR DE BARROS,ADEMAR SOARES DE BARROS,11311,11,PP,12,5
1,7,170001609292,DR . GIL,GILVANI DE OLIVEIRA LIMA,44600,44,UNIÃO,12,5
1,6,170001610412,ELIZEU MACIEL,ELIZEU ANTONIO MACIEL,7022,70,AVANTE,12,5
1,7,170001722251,JOÃO AMÉRICO,JOÃO AMÉRICO REIS DOS SANTOS,35232,35,PMB,12,4
1,6,170001738823,ARNALDO DELMONDES,ARNALDO DELMONDES OLIVEIRA,4414,44,UNIÃO,3,4
1,7,170001609309,ARNALDO DELMONDES,ARNALDO DELMONDES OLIVEIRA,44144,44,UNIÃO,3,-1
1,7,170001618928,MARI LESSA,MARIANA MEDEIROS LESSA,12100,12,PDT,12,4
1,6,170001618606,DEBORA SERAFIM,DEBORA MARIA DA FONSECA SOUZA MENEZES,1199,11,PP,12,5
1,7,170001619728,SHERLEY GOMES,SHERLEY DA SILVA GOMES BARROS DO NASCIMENTO,22353,22,PL,12,5
1,6,170001604102,LARISSA CALO,LARISSA MARIA CALO MESQUITA,4528,45,PSDB,12,4
1,6,170001609120,REGINA LAPA,REGINA CARLA CARNEIRO DA CUNHA PINTO LAPA PIMENTEL,4420,44,UNIÃO,12,5
1,4,170001602586,IZABEL URQUIZA,IZABEL URQUIZA GODOI ALMEIDA,22,22,PL,12,4
1,6,170001602575,JULIANA CHAVES,JULIANA FERREIRA CHAVES,1940,19,PODE,12,4
1,6,170001609072,ANELIDIA,MARIA JOSE ANELIDIA CAVALCANTE SILVA DE ARAUJO,2212,22,PL,12,5
1,7,170001618756,CLAUDIANO FILHO,CLAUDIANO FERREIRA MARTINS FILHO,11555,11,PP,12,2
1,6,170001718778,ENEAS DE FREITAS,ENEAS ESTEVES DE FREITAS,3656,36,AGIR,3,-1
1,7,170001613422,SERGIO BRITES,SERGIO HENRIQUE LINS BRITES,70744,70,AVANTE,12,4
1,7,170001619682,FRED FILHO,FREDERICO JOSÉ DA SILVA PEREIRA FILHO,22444,22,PL,12,5
1,7,170001619718,GERITON BARBOSA,GERITON JOSÉ BARBOSA,22789,22,PL,12,5
1,7,170001718662,CARLOS FREITAS DA SAUDE,CARLOS ANTONIO ALVES DE FREITAS,36500,36,AGIR,12,4
1,7,170001613424,ADELMO ARRUDA,ADELMO MENDES DE ARRUDA,70333,70,AVANTE,3,-1
1,7,170001723377,PING DA CONSTRUÇÃO,SEVERINO BARBOZA DE SOUZA,27331,27,DC,3,-1
1,6,170001618845,WILL CONECTADO COM VOCÊ,JOSÉ LUIZ DA SILVA,1277,12,PDT,12,4
1,6,170001718775,ZALDO BEZERRA,JESOALDO BEZERRA DE ALMEIDA,3613,36,AGIR,12,4
1,6,170001613277,RAUL HENRY,RAUL JEAN LOUIS HENRY JÚNIOR,1515,15,MDB,12,5
1,7,170001610727,WANDERSON,WANDERSON SOBRAL FLORÊNCIO,77100,77,SOLIDARIEDADE,12,5
1,6,170001619897,MILTON COELHO,MILTON COELHO DA SILVA NETO,4010,40,PSB,12,5
1,6,170001718769,ALEXANDRE SENA,ALEXANDRE SENA DE ALMEIDA,3600,36,AGIR,12,4
1,6,170001634987,DELEGADO CASIMIRO ULISSES,CASIMIRO ULISSES DE OLIVEIRA E SILVA,2888,28,PRTB,12,4
1,6,170001618613,VÂNIA DE MIGUEL,ERIVANIA MARIA RIBEIRO,1166,11,PP,12,5
1,7,170001618726,LINDA VITAL,LINDALVA VITAL DA SILVA,11321,11,PP,12,5
1,6,170001618605,CLARISSA TÉRCIO,ERICA CLARISSA BORBA CORDEIRO DE MOURA,1122,11,PP,12,2
1,7,170001619709,DENISE PADILHA,DENISE HELENA PADILHA BARBOSA,22226,22,PL,12,5
1,7,170001609286,CLAUDIA BARROS,ANA CLAÚDIA DE FÁTIMA DOS PASSOS BARROS LIMA,44445,44,UNIÃO,12,5
1,7,170001620390,WELNA DRA CHUCHU,WELNA ROUSY CABRAL ALMEIDA,40007,40,PSB,12,5
1,7,170001722267,SOCORRO ,MARIA DO SOCORRO PEREIRA DA COSTA,35444,35,PMB,3,-1
1,7,170001618405,ELAINE PRETAS JUNTAS,ELAINE CRISTINA DA SILVA,50420,50,PSOL,12,5
1,6,170001609042,AILZA TRAJANO,AGNAILZA ANDRADE TRAJANO,6565,65,PC do B,12,5
1,7,170001618757,ROBERTA ARRAES,ROBERTA MACEDO BERTINO ARRAES,11511,11,PP,12,5
1,6,170001596601,ZELIA MOURA,EURIZELIA ALVES DE ARAUJO MOURA,3012,30,NOVO,12,4
1,7,170001609287,HOSANA JANE ,HOSANA GUILHERME DOS SANTOS,44001,44,UNIÃO,12,5
1,6,170001595472,SGT LINS,SERGIO BARTOLOMEU PEREIRA LINS,1090,10,REPUBLICANOS,12,5
1,7,170001613438,NADELSON LEITE,NADELSON LEITE COSTA,70777,70,AVANTE,3,-1
1,7,170001608971,DANIEL ALVES,DANIEL ALVES BEZERRA,43123,43,PV,12,5
1,6,170001609643,PAULETE DO SAMBA,PAULO RICARDO RODRIGUES DE LIMA,5123,51,PATRIOTA,12,4
1,9,170001610249,JULIO LOSSIO,JULIO EMILIO LOSSIO DE MACEDO,555,36,AGIR,12,4
1,6,170001609029,DR. MARCOS E O COLETIVO,MARCOS HERIDIJÂNIO MOURA BEZERRA,1333,13,PT,12,5
1,7,170001619698,DR. EDUARDO MIRANDA,EDUARDO MIRANDA BRANDÃO,22922,22,PL,12,5
1,6,170001610416,DRA ROBERTA VIRGINIA,ROBERTA VIRGINIA DE SANTANA VASCONCELOS,7009,70,AVANTE,12,5
1,7,170001595449,TIAGO MENEZES,TIAGO MENEZES PEREIRA,10134,10,REPUBLICANOS,12,5
1,6,170001723348,ANA SOUZA,ANAILDE NASCIMENTO DE SOUZA,2728,27,DC,12,4
1,7,170001613420,MARCO SMOKE,MARCO AURELIO DE BARROS E SILVA,70420,70,AVANTE,12,4
1,6,170001609650,LAELSON COSTA,LAELSON OLIVEIRA COSTA,5132,51,PATRIOTA,12,4
1,6,170001723356,ZÉ DA RIMA,ARLINDO BATISTA DE LIMA,2790,27,DC,12,4
1,6,170001610769,PR. BEMJAMIM PIRES,BEMJAMIM PAULO PIRES NETO,4441,44,UNIÃO,3,4
1,7,170001618427,VALTER COUTO,VALTER ALVES DO COUTO FILHO,18318,18,REDE,12,5
1,7,170001718139,JULIANA POPULAR,JULIANA CARLA HERMINIA DE ALMEIDA,33456,33,PMN,12,4
1,6,170001718026,CLAUDIA CORREIA,CLAUDIA DE SÁ LEITÃO CORREIA,3388,33,PMN,12,4
1,7,170001620366,COSETE  CAMARA,COSETE GALINDO CAMARA,40707,40,PSB,12,5
1,7,170001619985,SORAIA ALVES,SORAIA SIQUEIRA CAVALCANTI ALVES,14101,14,PTB,12,4
1,7,170001619719,NENA CABRAL,ANTÔNIO RICARDO CABRAL DE SOUZA,22456,22,PL,12,5
1,6,170001613265,JÚNIOR DE CLETO,CLÉTO CORREIA LIMA JÚNIOR,1565,15,MDB,12,5
1,7,170001618748,CARLOS ALBERTO CAUSA ANIMAL ,CARLOS ALBERTO DOS SANTOS,11789,11,PP,12,5
1,6,170001634992,CHARLLES DE TIRINGA,CHARLLES REKSON BARBOZA DE LIMA,2800,28,PRTB,12,4
1,7,170001609885,JOÃO LUIZ,JOÃO LUIZ DE MESQUITA,51951,51,PATRIOTA,12,5
1,7,170001619708,GRACIVAN ALMEIDA,GRACIVAN ALMEIDA DOS SANTOS,22112,22,PL,12,5
1,7,170001605473,PROFESSOR THIAGO,THIAGO DA SILVA,23999,23,CIDADANIA,12,5
1,6,170001604095,BRUNO PINHO ALVES,BRUNO DE PINHO ALVES BARRETO CAMPELO,4550,45,PSDB,3,4
1,7,170001608976,ODACY AMORIM,ODACY AMORIM DE SOUZA,13444,13,PT,12,5
1,6,170001595477,BIRA DA UNIVERSO,UBIRAJARA EMANUEL TAVARES DE MELO FILHO,1018,10,REPUBLICANOS,12,5
1,7,170001620388,PAULO JUCÁ,PAULO DE TARSO LIRA JUCÁ,40000,40,PSB,12,5
1,7,170001613434,JOSE OLIVEIRA,JOSE DE OLIVEIRA BRITO,70700,70,AVANTE,12,4
1,7,170001620386,SILVANA RODRIGUES,SILVANA RODRIGUES DA CRUZ,40110,40,PSB,12,5
1,7,170001609866,CELINA SILVESTRE,CELINA LIMA PADILHA SILVESTRE,51885,51,PATRIOTA,3,4
1,7,170001610746,DANY MONTEIRO,DANIELLY MEDEIROS COSTA MONTEIRO,77045,77,SOLIDARIEDADE,12,5
1,7,170001724251,DAVID ALVES SIMBORA RENOVAR,DAVID ALVES DA SILVA ANDRADE,18001,18,REDE,12,5
1,7,170001604068,JEFFERSON RIBEIRO,JEFFERSON RIBEIRO DE ANDRADE SOUZA,16666,16,PSTU,12,4
1,6,170001634991,ANANIAS,ANANIAS JOSE FRANCISCO,2833,28,PRTB,12,4
1,7,170001609931,JOAQUIM,JOAQUIM CAMELO GALVÃO DE MELO,55555,55,PSD,12,4
1,7,170001595423,DARIO PESSOA,DARIO PESSOA DE BARROS,10003,10,REPUBLICANOS,12,5
1,3,170001618273,PASTOR WELLINGTON,WELLINGTON DUARTE CARNEIRO,14,14,PTB,12,4
1,6,170001715431,AMARO JÚNIOR,JOSÉ AMARO DA SILVA JUNIOR,2022,20,PSC,12,4
1,7,170001730685,LUCIANA GOMES,LUCIANA WILSON DE VASCONCELOS,44454,44,UNIÃO,12,5
1,6,170001715592,VICTÓRIA PINHEIRO,VICTÓRIA ELLEN ALMEIDA PINHEIRO,2121,21,PCB,12,4
1,7,170001618420,LÍVIA LIRA,LÍVIA DA PAZ LIRA,18300,18,REDE,12,5
1,6,170001595457,MICHELLY MIGUEL,CRISTIANE MICHELLE DAS NEVES MIGUEL,1055,10,REPUBLICANOS,12,5
1,7,170001608983,FLOR DA COLETIVA,ANDRESSA LAYSA QUEIROZ RIBEIRO,65100,65,PC do B,12,5
1,7,170001595435,BRUNA PAES BARRETO,BRUNA LEAL PAES BARRETO,10101,10,REPUBLICANOS,12,5
1,7,170001618946,JANAÍNA GOMES,MARIA JANAINA GOMES DOS SANTOS,12555,12,PDT,12,4
1,7,170001600158,NATALIA LÚCIA,NATALIA LÚCIA BARBOSA CARNEIRO,80180,80,UP,12,4
1,6,170001634982,CARINA PAZ,QUIRAELY CARINA JESUS DA PAZ OLIVEIRA,2890,28,PRTB,12,4
1,7,170001610724,TONHO DO POVÃO,ANTÔNIO JOÃO DOS SANTOS,77666,77,SOLIDARIEDADE,12,5
1,6,170001613269,TADINHO JOÃO,IRINALDO JOÃO DA SILVA,1533,15,MDB,12,5
1,6,170001718767,PASTOR CLEYTON LEON,CLEYTON LEON DE LIMA CANDIDO,3650,36,AGIR,12,4
1,7,170001619693,ABIMAEL SANTOS,ABIMAEL DOS SANTOS PEREIRA,22010,22,PL,12,2
1,6,170001619587,ADALBERTO SERTÃO AO LITORAL,ADALBERTO ALENCAR ALVES,1890,18,REDE,12,5
1,7,170001609263,ELLINSON DOS RODOVIARIOS,ELLINSSON JOSE FERREIRA DE LIMA,44944,44,UNIÃO,3,-1
1,7,170001723365,SAMUEL DA SULANCA,SAMUEL FRANCISCO DA SILVA,27888,27,DC,12,4
1,6,170001718771,NILSON JOSÉ,CLEIDENILSON JOSÉ DE VASCONCELOS MEIRA,3699,36,AGIR,12,4
1,7,170001610729,NEGUINHO DE ISRAEL,GIVANILDO PEDRO DA SILVA,77775,77,SOLIDARIEDADE,12,5
1,7,170001608952,JOÃO PAULO COSTA,JOÃO PAULO DA COSTA CAVALCANTI,65123,65,PC do B,12,2
1,7,170001718663,RENNAN NASCIMENTO,RENNAN HYGOR SANTOS DO NASCIMENTO,36037,36,AGIR,12,4
1,6,170001721978,MÁRCIO CARDOSO,MÁRCIO CARDOSO DE OLIVEIRA,3500,35,PMB,3,-1
1,7,170001619685,CORONEL ALBERTO FEITOSA,ALBERTO JORGE DO NASCIMENTO FEITOSA,22222,22,PL,12,2
1,7,170001620377,JUNIOR MATUTO,GILBERTO GONÇALVES FEITOSA JUNIOR,40111,40,PSB,12,5
1,6,170001718762,DELEGADO SATURNINO,VALDEMIR JOSÉ SATURNINO,3633,36,AGIR,12,4
1,6,170001619594,ENFERMEIRO JHON,JONATA BRUNO DA SILVA SANTOS,5025,50,PSOL,12,5
1,7,170001605487,FRANCISCO LAYON,FRANCISCO JOSE LAYON DE SOUZA E SILVA,23232,23,CIDADANIA,12,5
1,6,170001609133,TAYNA CEPO,TAYNÁ EDUARDA ARAÚJO DE MOURA SANTANA,4474,44,UNIÃO,12,5
1,6,170001718766,MEGUESTAR,MARGARIDA LIMA DA SILVA,3677,36,AGIR,12,4
1,6,170001715426,NANCY TIBURTINO,NANCY TIBURTINO  SILVA MARQUES DA CRUZ,2077,20,PSC,12,4
1,7,170001718654,JÚLIA SÉRVULO,JÚLIA PATRÍCIA SÉRVULO DA COSTA,36112,36,AGIR,3,-1
1,7,170001717070,ISABEL CRISTINA,ISABEL CRISTINA TEIXEIRA DA SILVA,28111,28,PRTB,12,4
1,7,170001610731,PROFESSORA MALBA LUCENA,MALBA LUCENA DE OLIVEIRA MELLO,77699,77,SOLIDARIEDADE,12,5
1,6,170001731857,LIDIA ROCHA,LIDIA ROCHA DO CARMO,1078,10,REPUBLICANOS,12,5
1,6,170001618607,DANIELA TORRES,DANIELA TORRES RORIZ SILVA,1101,11,PP,3,-1
1,7,170001724674,SANDRA SUELI,SANDRA SUELI VILELA DA SILVA BEZERRA,23385,23,CIDADANIA,12,5
1,7,170001723368,EDSON DO UBER BOI BOM,EDSON DOMINGOS DE SOUZA,27123,27,DC,12,4
1,7,170001610714,DELEGADO ROSSINE,ROSSINE BLESMANY DOS SANTOS CORDEIRO,77888,77,SOLIDARIEDADE,12,5
1,7,170001613427,NEGONA ALESSANDRA SANTOS,ALESSANDRA VIRGINIA DOS SANTOS SILVA,70444,70,AVANTE,12,4
1,6,170001618614,ESDRAS CABRAL,ESDRAS CABRAL DE MELO,1120,11,PP,12,5
1,6,170001723358,DOUTOR DOMICIO LUZ,DOMICIO JOSÉ FERREIRA DA LUZ,2733,27,DC,12,4
1,7,170001609855,LETICIA,THAYANE LETICIA DOS SANTOS,51917,51,PATRIOTA,12,5
1,6,170001602573,SUB TEN JEANNE,JEANE MARIA DE SOUZA FONSECA,1917,19,PODE,12,4
1,6,170001634979,GENÁRIO ROCHA,GENÁRIO ROCHA DE OLIVEIRA,2844,28,PRTB,12,4
1,6,170001634978,ALBA REGINA,ALBA REGINA DA SILVA SANTOS,2877,28,PRTB,12,4
1,6,170001609040,SUETÔNIO,SUETÔNIO GONÇALVES DE LIMA,1399,13,PT,12,5
1,6,170001604094,ALF,ANDRE LUIS RANGEL DE FARIAS,4566,45,PSDB,3,-1
1,7,170001619687,EDSON FERREIRA,EDSON FERREIRA DE ARRUDA,22600,22,PL,12,5
1,7,170001724249,CARLOS ALBERTO JUNTOS POR PE,CARLOS ALBERTO ALVES,18888,18,REDE,12,5
1,6,170001604105,MARCOS OLIVEIRA,MARCOS ROBERTO OLIVEIRA CARVALHO,4533,45,PSDB,12,4
1,6,170001610399,BRUNO SERGIO COLETIVO AVANTE,BRUNO SERGIO PEREIRA ALVES,7075,70,AVANTE,12,5
1,7,170001605483,DENIS RICARDO,DENIS DA SILVA RICARDO,23000,23,CIDADANIA,12,5
1,6,170001718013,DARIO ALVES,DARIO ALVES DA SILVA,3300,33,PMN,12,4
1,6,170001620145,PROF ZÉ CARLOS,JOSÉ CARLOS DA SILVA,1450,14,PTB,12,4
1,6,170001618616,ENFERMEIRO RODRIGO PATRIOTA,RODRIGO PATRIOTA PIRES,1133,11,PP,12,5
1,7,170001609260,EDSON VIEIRA,EDSON DE SOUZA VIEIRA,44777,44,UNIÃO,12,5
1,6,170001609127,WILSINHO MACIEL,JOSÉ WILSON MERGULHÃO MACIEL FILHO,4469,44,UNIÃO,12,5
1,7,170001619701,CABO AÊNIA,AÊNIA DANIELI FEITOSA BARBOSA,22190,22,PL,12,5
1,6,170001602578,PATRÍCIA DO POVO,PATRÍCIA BEZERRA DA SILVA,1909,19,PODE,3,4
1,7,170001595425,ELDA ALBERI DOS CAMINHONEIROS,ELDA ALITA DA SILVA LIRA OLIVEIRA,10232,10,REPUBLICANOS,12,5
1,6,170001620149,LARISSA COELHO,LARISSA COELHO FERREIRA FAGUNDES,1444,14,PTB,3,4
1,6,170001595453,DRA KARINA CORREA,ANA KARINA FONSECA DE CARVALHO CALDERAN CORREA,1044,10,REPUBLICANOS,12,5
1,10,170001601201,CRISTINA ARAÚJO,CRISTINA SILVA DE ARAÚJO,160,16,PSTU,12,4
1,6,170001595459,DOUGLAS BRITO ATIVISTA,DOUGLAS PEREIRA DE BRITO,1001,10,REPUBLICANOS,12,5
1,7,170001609302,PASTOR ESDRAS NOBERTO,ESDRAS NOBERTO DA SILVA,44344,44,UNIÃO,12,5
1,6,170001718014,CARLOS SOARES,CARLOS SOARES BARBOSA,3310,33,PMN,12,4
1,7,170001605495,JOAQUIM NETO,JOAQUIM NETO DE ANDRADE SILVA,45222,45,PSDB,12,5
1,7,170001609851,IRMA IOLANDA,IOLANDA MARIA DA SILVA,51444,51,PATRIOTA,12,5
1,10,170001725493,DELVANIA SOBRAL,DELVANI SILVA SOBRAL,456,45,PSDB,12,4
1,5,170001601200,DAYSE MEDEIROS,DAYSE JOYCE RODRIGUES DE MEDEIROS,160,16,PSTU,12,4
1,6,170001619591,DAVI MOREIRA DE ALENCAR,DAVI MOREIRA DE ALENCAR,1888,18,REDE,12,5
1,7,170001722271,WILLIAM ALVES,WILLIAM DE SANTANA ALVES,35159,35,PMB,3,-1
1,7,170001723380,DR. NELSON E O COLETIVO,NELSON TADEU DANIEL,27271,27,DC,12,4
1,7,170001718136,JOSAFÁ ALABASTRO,JOSAFÁ RIBEIRO DA SILVA,33555,33,PMN,12,4
1,7,170001608982,TADEU ANJOS,TADEU ANJOS DO AMARAL,65000,65,PC do B,12,5
1,7,170001609289,OTACILIO LINS,OTACILIO RIBEIRO LINS,44180,44,UNIÃO,12,5
1,6,170001610397,CANTOR ABEL PORTO,ABEL DO PORTO SANTOS,7033,70,AVANTE,12,5
1,7,170001718144,TEREZINHA DE JESUS,TEREZINHA DE JESUS ALVES BEZERRA,33987,33,PMN,12,4
1,7,170001619012,MILENA REIS,MILLENA  TAISA SILVA DOS REIS,18777,18,REDE,12,5
1,7,170001619714,LUCYANE GOMES,LUCYANE GOMES BARBOSA GONÇALVES,22121,22,PL,12,5
1,7,170001736697,ASSIS HEREGE,FRANCISCO DE ASSIS GUEDES DA COSTA,14888,14,PTB,3,-1
1,6,170001718016,PASTOR PAULO SANTANA,JOSEVALDO PAULO DE SANTANA,3331,33,PMN,3,-1
1,7,170001608980,HELENO ARAÚJO,HELENO MANOEL GOMES DE ARAÚJO FILHO,13613,13,PT,12,5
1,7,170001618747,JOEL GALDINO,JOEL DESCHAMPS GALDINO,11234,11,PP,12,5
1,7,170001605489,GUTEMBERGUE MOBILIDADE,GUTEMBERGUE PEREIRA DE OLIVEIRA,23444,23,CIDADANIA,12,5
1,7,170001613441,PASTOR WALDECK,WALDECK SANDRO BATISTA DE OLIVEIRA,70100,70,AVANTE,12,4
1,7,170001610735,JADSON DA CONSTRUÇÃO,JADSON LIMA DO NASCIMENTO,77127,77,SOLIDARIEDADE,12,5
1,7,170001609884,GABRIEL MENEZES,GABRIEL JOSE DE MENEZES ASSIS,51500,51,PATRIOTA,12,5
1,7,170001610743,ALVARO FILHO,ÁLVARO SOARES DE MELO FILHO,77999,77,SOLIDARIEDADE,12,5
1,7,170001605464,ALVARO PORTO,ALVARO PORTO DE BARROS,45000,45,PSDB,12,2
1,7,170001723364,PROFESSOR FELIX,FELIX LEONARDO DE LIMA,27000,27,DC,12,4
1,6,170001715433,IRMÃO ROMERO,ROMERO JOSE DA SILVA,2000,20,PSC,12,4
1,7,170001718650,FRANCISCO FIO,FRANCISCO DE ASSIS VITOR DE SOUZA,36799,36,AGIR,12,4
1,7,170001608972,GILMAR JUNIOR,JOSÉ GILMAR COSTA DE SOUZA JUNIOR,43333,43,PV,12,2
1,7,170001610730,VICENTE GALVÃO,JOSÉ VICENTE BARBOSA CINTRA GALVÃO,77222,77,SOLIDARIEDADE,12,5
1,7,170001609264,ROMERO SALES FILHO,ROMERO ANTONIO RAPOSO SALES FILHO,44123,44,UNIÃO,12,2
1,7,170001718644,BIRA AMBIENTAL,UBIRAJARA JOSÉ DE CARVALHO,36111,36,AGIR,12,4
1,7,170001620372,TONY GEL,ANTONIO GERALDO RODRIGUES DA SILVA,40232,40,PSB,12,5
1,6,170001604098,DELEGADO FRANCISCO,FRANCISCO RODRIGUES DOS SANTOS FILHO,4545,45,PSDB,12,4
1,6,170001613266,VÂNIO SILVA,GEOVANE JOVINO DA SILVA,1505,15,MDB,12,5
1,6,170001609086,FERNANDO RODOLFO,FERNANDO RODOLFO TENÓRIO DE VASCONCELOS,2233,22,PL,12,3
1,7,170001722258,TATI PIMENTA,TATIANE MORAIS PIMENTEL,35999,35,PMB,3,-1
1,6,170001613279,TCHELLE SANTOS,RITCHELLE JENSEN DOS SANTOS,1554,15,MDB,12,5
1,6,170001618855,TEREZA DO CEPEC,MARIA TEREZA MENDES DA SILVA,1211,12,PDT,12,4
1,7,170001722280,LUCIA MAIMONE,DARGINA LUCIA MAIMONE,35002,35,PMB,12,4
1,6,170001730140,NICELIA BORGES,NICELIA BORGES DIAS,1411,14,PTB,12,4
1,7,170001722270,IRMÃ ALDIENE,ALDIENE MARIA PEREIRA,35021,35,PMB,12,4
1,6,170001609928,GLEICE MAGA,GLEICIANE LUCAS DO NASCIMENTO,5511,55,PSD,12,4
1,7,170001605486,EUNICE MELO,EUNICE APARECIDA DE SOUZA ALVES DE MELO,23323,23,CIDADANIA,12,5
1,7,170001610716,DELEGADA BEATRIZ GIBSON,BEATRIZ GIBSON CUNHA DE SANTANA,77277,77,SOLIDARIEDADE,12,5
1,6,170001609640,JELTON PASSOS,JELTON DOS SANTOS PASSOS,5165,51,PATRIOTA,3,-1
1,6,170001609114,DILSON OLIVEIRA,SUEDILSON PEDRO DE OLIVEIRA,4456,44,UNIÃO,12,5
1,7,170001618929,CIDINHO ANDRADE,JOSE APARECIDO ANDRADE SILVEIRA,12222,12,PDT,12,4
1,7,170001724255,CHICO TAKAYAMMA,IVANILDO FRANCISCO DE LIMA,50613,50,PSOL,12,5
1,6,170001595461,ELIAS FRANCISCO,ELIAS FRANCISCO INACIO,1007,10,REPUBLICANOS,12,5
1,7,170001618400,AILCE MOREIRA,AILCE MOREIRA DE MELO,50777,50,PSOL,12,5
1,7,170001618416,SYLVIA,SYLVIA SIQUEIRA CAMPOS,18180,18,REDE,12,5
1,7,170001618401,ERNANDES ROITHIMA,RAIMUNDO ERNANDES EVANGELISTA DA SILVA,50123,50,PSOL,12,5
1,7,170001618398,MARCELO E O COLETIVO INDÍGENA,MARCELO GOMES MONTEIRO LUZ,18000,18,REDE,12,5
1,6,170001595455,CLAUDIO MENDONÇA,CLAUDIO RICARDO MENDONÇA DA SILVA,1022,10,REPUBLICANOS,12,5
1,6,170001610409,NADJANE PEIXOTO,NADJANE MARIA PEIXOTO,7088,70,AVANTE,12,5
1,6,170001609077,SILVANIA DIAS,SILVANIA MARIA DIAS DA SILVA,2204,22,PL,12,5
1,7,170001724247,ANTONIA ROSA,ANTONIA ROSA DO NASCIMENTO,50118,50,PSOL,12,5
1,7,170001722254,DAVI WALDIR,DAVI WALDIR EVANGELISTA DO NASCIMENTO,35035,35,PMB,12,4
1,7,170001618742,EMMANUELL CLECIO,EMANUEL CLECIO DE OLIVEIRA,11700,11,PP,12,5
1,6,170001595476,VALDECIRIO CAVALCANTI,VALDECIRIO DE OLIVEIRA CAVALCANTI,1025,10,REPUBLICANOS,3,-1
1,7,170001613437,MURILO RABELLO,MURILO RABELLO DE SOUZA JUNIOR,70321,70,AVANTE,12,4
1,7,170001722265,ERNESTO JUNIOR,ERNESTO GONÇALVES DIAS JUNIOR,35123,35,PMB,12,4
1,7,170001620387,PROFESSOR PAULO DUTRA,PAULO FERNANDO DE VASCONCELOS DUTRA,40678,40,PSB,12,5
1,6,170001610565,JORGE QUINTINO,JORGE ANTÔNIO QUINTINO DE SOUZA,7710,77,SOLIDARIEDADE,12,5
1,7,170001620380,SILENO,SILENO SOUSA GUEDES,40040,40,PSB,12,3
1,6,170001609074,PAULA GARCIA,PAULA GASPARINI GARCIA,2277,22,PL,12,5
1,7,170001608970,OSMAR RICARDO,OSMAR RICARDO CABRAL BARRETO,13650,13,PT,12,5
1,7,170001605476,PROF. ALLAN MAUX,ALLAN MAUX SANTANA,45045,45,PSDB,12,5
1,6,170001602579,RICARDO CRUZ CASTRAMÓVEL,RICARDO JORGE DA CRUZ,1923,19,PODE,12,4
1,6,170001618609,GUARDA MARÍLIA,MARILIA MARIA VIANA DE SOUZA,1155,11,PP,12,5
1,7,170001618947,WILBER MATEUS,WILBER MATEUS DA SILVA,12111,12,PDT,12,4
1,5,170001717122,CANTOR ESTEVES JACINTO,ESTEVES JACINTO BRAZ,281,28,PRTB,12,4
1,7,170001722279,DOUTOR EMANOEL ANDRADE,EMANOEL GOMES DE ANDRADE,35145,35,PMB,3,-1
1,6,170001613270,IGOR MIRANDA,IGOR MIRANDA LEANDRO BEZERRA,1540,15,MDB,3,-1
1,6,170001726567,ANSELMO SANTIAGO,ANSELMO LUIZ RAMOS SANTIAGO,5121,51,PATRIOTA,12,4
1,6,170001715432,RICARDO DEZ MANDAMENTOS,JOSÉ RICARDO DE MELO MENEZES JÚNIOR,2004,20,PSC,12,4
1,7,170001609880,BRUNO PEREIRA,BRUNO GOMES DE OLIVEIRA,51456,51,PATRIOTA,12,5
1,7,170001595428,GLAUCO DE MARIA,GLAUCO MATIAS DE SOUZA MARIA,10321,10,REPUBLICANOS,3,4
1,7,170001605468,LUCINHA MOTA,MARIA LUCIA MOTA DA SILVA,45500,45,PSDB,12,5
1,7,170001604070,KATIANY  ,KATIANY DE ANDRADE NUNES,16160,16,PSTU,12,4
1,6,170001619592,LAÍS ARAÚJO,LAÍS ARAÚJO DA SILVA,5018,50,PSOL,12,5
1,6,170001609071,DRA APARECIDA TERTO,MARIA APARECIDA ALVES TERTO,2224,22,PL,12,5
1,7,170001610742,LENINHA BELÍSSIMA ,ROSILENE COSTA DA SILVA,77700,77,SOLIDARIEDADE,12,5
1,6,170001602566,ELISSA URQUIZA FEDERAL,ELISSA URQUIZA VERAS,1911,19,PODE,12,4
1,6,170001618839,DINHO É JUNTOS POR PERNAMBUCO,JOSÉ CLAUDIO ANTÔNIO DE SANTANA,1213,12,PDT,12,4
1,7,170001722278,MAURICIO PEDREIRO,MAURICIO CORDEIRO DOS SANTOS,35010,35,PMB,12,4
1,7,170001619689,CARLOS ANDREY DE SOUZA FERREIR,CARLOS ANDREY DE SOUZA FERREIRA,22777,22,PL,12,5
1,7,170001722268,IRMÃO ALEXANDRE,SEVERINO ALEXANDRE DE LIMA,35335,35,PMB,3,-1
1,7,170001610732,GUSTAVO GOUVEIA,GUSTAVO FUCHS CAMPOS GOUVEIA,77555,77,SOLIDARIEDADE,12,2
1,7,170001610737,LUCIANO FERREIRA ,LUCIANO FERREIRA DA SILVA,77655,77,SOLIDARIEDADE,12,5
1,7,170001618731,ZÉ CARLOS CORREDOR,JOSE CARLOS FERREIRA DOS SANTOS,11300,11,PP,12,5
1,10,170001717468,SÉRGIO PAULINO,SÉRGIO PAULINO REGIS,290,29,PCO,3,4
1,6,170001717464,VADO ALVES,JOSIVALDO ALVES DE SOUZA,2905,29,PCO,3,4
1,7,170001723379,PB JOBSON NASCIMENTO,JOBSON MANOEL SILVA DO NASCIMENTO,27300,27,DC,12,4
1,6,170001610396,GOTA SERENA,MARCOS ANDRE DE ALMEIDA,7024,70,AVANTE,12,5
1,7,170001618738,ANTONIO MORAES,ANTONIO DE MORAIS ANDRADE NETO,11200,11,PP,12,2
1,3,170001717342,UBIRACY OLÍMPIO,UBIRACY OLÍMPIO DA SILVA,29,29,PCO,3,4
1,6,170001595454,AUGUSTO COUTINHO,AUGUSTO RODRIGUES COUTINHO DE MELO,1000,10,REPUBLICANOS,12,2
1,7,170001722272,GEORGE,TEMISTHOCLIS GEORGE DA SILVA,35111,35,PMB,12,4
1,6,170001618610,PASTOR LUIZ EDUARDO,LUIZ EDUARDO DE OLIVEIRA,1136,11,PP,12,5
1,7,170001609852,FABINHO,FABIO LISANDRO DE LIMA BARROS,51000,51,PATRIOTA,12,5
1,3,170001618087,DANILO CABRAL,DANILO JORGE DE BARROS CABRAL,40,40,PSB,12,4
2,4,170001610443,SEBASTIÃO OLIVEIRA,SEBASTIÃO IGNÁCIO DE OLIVEIRA JÚNIOR,77,70,AVANTE,12,4
1,9,170001604084,ROMARIO DIAS,ROMÁRIO DE CASTRO DIAS PEREIRA,222,22,PL,12,4
1,6,170001613280,SANDRA REGINA,SANDRA REGINA DA SILVA LIMA,1588,15,MDB,12,5
1,6,170001609659,KALINE SILVA,KALINE BERNADETE DA SILVA,5145,51,PATRIOTA,3,-1
1,7,170001618408,SAL,SALVELINA DE SOUZA MENDONÇA,50050,50,PSOL,12,5
1,5,170001618130,TERESA LEITÃO,MARIA TERESA LEITÃO DE MELO,130,13,PT,12,1
1,7,170001595434,ANDREA PAULA,ANDREA PAULA PEREIRA DE ALBUQUERQUE,10999,10,REPUBLICANOS,12,5
1,6,170001718005,MISSIONARIA MAIARA CRISTINA,MAIARA CRISTINA NASCIMENTO GOUVEIA,3319,33,PMN,12,4
1,7,170001605469,DELEGADA PATRICIA,PATRICIA DE OLIVEIRA DOMINGOS,45123,45,PSDB,12,5
1,7,170001722266,TENENTE ROSE,ROSINETE VIANA DOS SANTOS,35988,35,PMB,3,-1
1,7,170001619988,IRMÃO TUTUI,GERCINALDO DO NASCIMENTO BARBOZA,14300,14,PTB,3,4
1,6,170001602582,SARGENTO ASSIS,FRANCISCO ROSA DE ASSIS,1991,19,PODE,12,4
1,7,170001609883,IRMÃO ANDRÉ PATRIOTA,ANDRÉ DE SENA GOMES,51622,51,PATRIOTA,12,5
1,6,170001609117,DR LUCAS NOVAES,LUCAS CAVALCANTE NOVAES NETO,4410,44,UNIÃO,12,5
1,6,170001604106,OLAVO MORAIS,OLAVO MILTON ALBINO DE MORAIS FILHO,4567,45,PSDB,12,4
1,6,170001610573,INDIO,EDVALDO FRANCISCO DOS SANTOS,7744,77,SOLIDARIEDADE,12,5
1,7,170001609278,ROSALY ALMEIDA ,ROSALY DE ALMEIDA SILVA,44888,44,UNIÃO,12,5
1,7,170001613421,SANDRO ABRANTES,SANDRO ABRANTES SARMENTO,70013,70,AVANTE,12,4
1,7,170001619699,LU FRAGOSO,MARÍLIA DE LOURDES FRAGOSO HITZELBERGER,22999,22,PL,12,5
1,7,170001718658,SANDRO DO CACHORRO QUENTE,SANDRO PEREIRA DA SILVA,36113,36,AGIR,12,4
1,7,170001723378,BARROZO MORAIS,SEVERINO BARROZO DE MORAIS,27111,27,DC,12,4
1,6,170001609125,JAILSON FRANCISCO,JAILSON FRANCISCO DE TORRES,4432,44,UNIÃO,12,5
1,6,170001609023,FERNANDO FERRO,FERNANDO DANTAS FERRO,1313,13,PT,12,5
1,7,170001608966,ERIKA SURUAGY,ERIKA SURUAGY ASSIS DE FIGUEIREDO,13013,13,PT,12,5
1,7,170001619716,BENÉ DA PAVIMENTAÇÃO,BENEDITO JOSÉ ALVES DA SILVA JUNIOR,22111,22,PL,12,5
1,6,170001610413,FÁBIO GOMES   UNIDOS POR PE,FÁBIO GOMES DE SOUZA JUNIOR,7077,70,AVANTE,12,5
1,7,170001717071,MANÉTIKIN,MANOEL LIRA ALVES SIQUEIRA,28000,28,PRTB,12,4
1,6,170001609929,THIAGO DOCA,THIAGO RENATO LOPES SIQUEIRA DOCA RODRIGUES,5555,55,PSD,12,4
1,6,170001604092,BRUNO RIBEIRO,ALBERTO BRUNO FERREIRA RIBEIRO,4577,45,PSDB,12,4
1,7,170001605490,IZAIAS REGIS,IZAIAS REGIS NETO,45678,45,PSDB,12,3
1,7,170001620398,MARCANTONIO DOURADO FILHO,MARCANTONIO DOURADO FILHO,40140,40,PSB,3,4
1,7,170001609875,JOAMY ALVES,JOAMY ALVES DE OLIVEIRA,51234,51,PATRIOTA,12,5
1,6,170001604097,DANIEL COELHO,DANIEL PIRES COELHO,2323,23,CIDADANIA,12,4
1,6,170001620140,JOCTÂ BARROS,JOCTÃ DE ALMEIDA BARROS,1422,14,PTB,12,4
1,9,170001608746,FRED LOYO,FREDERICO JOSÉ DE ALENCAR LOYO FILHO,456,45,PSDB,12,4
1,6,170001634996,WARLLA CARLA,WARLLA CARLA BEZERRA SANTOS,2808,28,PRTB,12,4
1,7,170001618762,IRMÃ ROSE,ROSIMERE DOS SANTOS QUIRINO OLIVEIRA,11432,11,PP,12,5
1,6,170001723345,ROBERTO MARIANO,JOSE ROBERTO MARIANO DA SILVA,2712,27,DC,3,-1
1,6,170001619600,EDVAN GUARDA GENTILEZA,EDVAN BARBOSA GOMES,1833,18,REDE,12,5
1,7,170001608961,PROF. GILMAR SANTOS,GILMAR DOS SANTOS PEREIRA,13456,13,PT,12,5
1,6,170001595467,DRA APARECIDA,MARIA APARECIDA BARRETO DA SILVA,1013,10,REPUBLICANOS,3,-1
1,6,170001595456,CONSELHEIRO CICERO DA ONG,CICERO DELHANY PINTO LIMA,1099,10,REPUBLICANOS,12,5
1,7,170001618412,JHONATA CAIO,JHONATA CAIO SOUZA MARINHO,18555,18,REDE,12,5
1,6,170001717461,VICTOR ASSIS ,VICTOR ASSIS DA SILVA,2929,29,PCO,3,4
1,6,170001595464,DR JOÃO ROBERTO,JOAO ROBERTO MARTINS CARDOSO,1030,10,REPUBLICANOS,12,5
1,6,170001718772,DR GAMALIEL,GAMALIEL LOURENÇO MARQUES,3670,36,AGIR,12,4
1,6,170001724741,INALDO LINS ADVOGADO,INALDO LINS DA ROCHA,1201,12,PDT,12,4
1,6,170001604093,ANDRE FONSECA,ANDRE HENRIQUE GOMES DA FONSECA,4522,45,PSDB,12,4
1,6,170001634998,SEU VITOR,JOSEBIAS VITORINO DA SILVA,2822,28,PRTB,12,4
1,6,170001717458,KAREN NICOLE PEREIRA COELHO,KAREN NICOLE PEREIRA COELHO,2900,29,PCO,3,4
1,6,170001613274,MARCELO MARCELINHO,MARCELO DO NASCIMENTO SILVA,1501,15,MDB,12,5
1,7,170001620376,FRANCE HACKER,FRANZ ARAUJO HACKER,40789,40,PSB,12,2
1,7,170001610736,OLIMPIO,UBIRATAN OLIMPIO DA SILVA,77234,77,SOLIDARIEDADE,12,5
1,6,170001723513,GEOVA DE SIQUEIRA FREITAS,GEOVA DE SIQUEIRA FREITAS,9050,90,PROS,3,4
1,7,170001595447,SAMURAY,SEVERINO CARDOSO SOBRINHO,10554,10,REPUBLICANOS,12,5
1,6,170001723353,PASTOR GILSON SANTOS,GILSON JOAQUIM DOS SANTOS,2730,27,DC,12,4
1,7,170001618739,CARLOS NETO,CARLOS ROBERTO DA SILVA NETO,11811,11,PP,12,5
1,7,170001595438,JOSÉ CARLOS,JOSE CARLOS DOS SANTOS,10211,10,REPUBLICANOS,12,5
1,6,170001718770,LITO DOUGLAS,JOSELITO DOUGLAS DOS SANTOS COSTA,3636,36,AGIR,12,4
1,7,170001610741,LUCIANO DUQUE,LUCIANO DUQUE DE GODOY SOUSA,77123,77,SOLIDARIEDADE,12,2
1,7,170001609268,MUNDINHO DE TAMANDARÉ,RAIMUNDO NONATO LOPES JUNIOR,44789,44,UNIÃO,12,5
1,6,170001635001,EDGAR OLIVEIRA,FRANCISCO EDGAR DE OLIVEIRA,2838,28,PRTB,12,4
1,7,170001723376,ROBERVAL DE JESUS,ROBERVAL DE JESUS,27232,27,DC,12,4
1,7,170001618943,NIVALDO CAVALCANTI,NIVALDO CAVALCANTI,12777,12,PDT,12,4
1,7,170001618934,IRMÃO WASHINGTON,WASHINGTON JOSE GADELHA,12300,12,PDT,12,4
1,6,170001602580,RICARDO TEOBALDO,RICARDO TEOBALDO CAVALCANTI,1919,19,PODE,12,4
1,7,170001718141,JÚNIOR DELIVERY,PAULO JOSE DA SILVA JUNIOR,33123,33,PMN,12,4
1,7,170001620402,JARBAS FILHO,JARBAS DE ANDRADE VASCONCELOS FILHO,40156,40,PSB,12,2
1,7,170001620385,ISALTINO NASCIMENTO,ISALTINO JOSÉ DO NASCIMENTO FILHO,40500,40,PSB,12,5
1,7,170001620371,AGLAILSON VICTOR,VICTOR MORAES QUERALVARES,40123,40,PSB,12,2
1,7,170001618404,MANUEL AGUIAR,MANUEL AUGUSTO OLIVEIRA DE AGUIAR,18123,18,REDE,12,5
1,7,170001605467,LEO SALAZAR,LEONARDO SANTOS SALAZAR,23023,23,CIDADANIA,12,5
1,6,170001602576,KENNYO MIGUEL,KENNYO MIGUEL DO NASCIMENTO SILVA,1920,19,PODE,12,4
1,6,170001618617,FERNANDO VELOSO,JOSE FERNANDO VELOSO MONTEIRO,1189,11,PP,12,5
1,6,170001610572,DR. JOÃO,JOÃO LOPES GONÇALVES,7700,77,SOLIDARIEDADE,12,5
1,6,170001619892,TADEU ALENCAR,FRANCISCO TADEU BARBOSA DE ALENCAR,4020,40,PSB,12,5
1,7,170001618945,AGÁPITO MARTINS,AGÁPITO MARTINS DE OLIVEIRA JÚNIOR,12543,12,PDT,12,4
1,6,170001619889,GUILHERME UCHOA JUNIOR,GUILHERME ARISTOTELES UCHOA CAVALCANTI PESSOA DE MELO JUNIOR,4019,40,PSB,12,3
1,7,170001618944,CIDA FREIRE,MARIA APARECIDA FREIRE BESERRA,12190,12,PDT,12,4
1,6,170001718774,CRISTIANE,CRISTIANE VITÓRIA CALIXTO SILVA,3688,36,AGIR,3,4
1,6,170001723346,PAULA CAVALCANTI,TANIA MARIA DE PAULA CAVALCANTI,2707,27,DC,12,4
1,7,170001723381,LUCIANA SENA,LUCIANA MARIA DE SENA,27474,27,DC,12,4
1,6,170001604100,KATYA CYBELLE,KATYA CYBELLE SOARES WANDERLEY,2301,23,CIDADANIA,3,-1
1,6,170001619589,DÉBORA PRETAS JUNTAS,DÉBORA CARLA BARBOZA DE AGUIAR,1850,18,REDE,12,5
1,6,170001613276,PRISCILA FERRAZ,PRISCILA ARAÚJO FERRAZ,1580,15,MDB,12,5
1,7,170001620397,DELEGADA GLEIDE ANGELO,GLEIDE NASCIMENTO ANGELO,40190,40,PSB,12,2
1,7,170001717288,LILIANY TENÓRIO,LILIANY PATRÍCIA DUDA TENÓRIO,29001,29,PCO,3,4
1,7,170001718651,LELA DOS BICHOS,ANA WALERIA DA SILVA,36444,36,AGIR,12,4
1,7,170001739177,CEÇA RIBEIRO,MARIA DA CONCEIÇAO RIBEIRO DA SILVA SOUZA,12700,12,PDT,12,4
1,7,170001605498,KEILA CERQUEIRA A SINDICA,KEILLA CERQUEIRA SIQUEIRA BARROS,23777,23,CIDADANIA,12,5
1,6,170001609648,TAWANA ROCHA,TAWANA DE JESUS DA ROCHA BARBOSA,5114,51,PATRIOTA,12,4
1,6,170001609037,VIVI FARIAS,VIVIAN CRISTIANE GOMES DE FARIAS,1331,13,PT,12,5
1,6,170001618854,CAMINHONEIRO CRISTIANO MATIAS,CRISTIANO LACERDA MATIAS,1214,12,PDT,12,4
1,6,170001723361,LELCES XAVIER,LELCES XAVIER CORREIA LIMA,2771,27,DC,12,4
1,7,170001722260,RODRIGUES PEDREIRO,RODRIGUES FRANCISCO DA SILVA,35420,35,PMB,12,4
1,6,170001595463,GUSTAVO MATOS,GUSTAVO MATOS RIBEIRO,1077,10,REPUBLICANOS,12,5
1,7,170001619683,DR. VALDI,ANTÔNIO VALDI DE FRANÇA SALES,22000,22,PL,12,5
1,6,170001609084,CLÓVIS CORRÊA,CLÓVIS CORRÊA DE OLIVEIRA ANDRADE FILHO,2201,22,PL,12,5
1,6,170001724742,DR. SIDNEY RIBEIRO,SIDNEY SOUZA ARAUJO RIBEIRO,1274,12,PDT,12,4
1,6,170001620151,CLAUDIA MONTES,MARIA CLÁUDIA DO MONTE,1420,14,PTB,12,4
1,7,170001618732,GABRIEL FONTES,GABRIEL ALMEIDA DE FONTES,11144,11,PP,12,5
1,6,170001723355,ADILSON BATISTA,ADILSON BATISTA DE LIMA,2727,27,DC,12,4
1,6,170001596604,JUNIOR SANTIAGO,GERALDO SANTIAGO FERREIRA JUNIOR,3000,30,NOVO,12,4
1,7,170001609874,APARECIDA SILVA,MARIA APARECIDA DA CONCEIÇÃO SILVA,51024,51,PATRIOTA,12,5
1,7,170001609879,JANE DE MEU JOVEM,LADJANE EZIDIO DA SILVA,51055,51,PATRIOTA,12,5
1,7,170001608957,DENISE LIMA,DENISE WILLIANE DA SILVA LIMA,65555,65,PC do B,12,5
1,6,170001610402,ALEMÃO,CESAR JUNIOR MARQUES DE LIRA,7055,70,AVANTE,12,5
1,7,170001619982,PROFESSOR GENESIANO,GENESIANO CARNEIRO DE SOUSA,14522,14,PTB,12,4
1,7,170001608978,BERTOTTI,JOSÉ ANTÔNIO BERTOTTI JÚNIOR,65613,65,PC do B,12,5
1,7,170001605491,PROF JADSON CAETANO,JADSON CAETANO DA SILVA,23222,23,CIDADANIA,12,5
1,6,170001609079,PROFESSOR WELLINGTON SANTOS,WELLINGTON BARROS DOS SANTOS,2270,22,PL,12,5
1,7,170001717069,ROMMEL,EDUARDO ROMMEL CAVALCANTI RAMOS,28072,28,PRTB,12,4
1,7,170001609873,ROBERTA LIMA,ROBERTA DE CASSIA LIMA MARINHO,51060,51,PATRIOTA,12,5
1,6,170001715425,TIÊTA,LUZINETE MARIA DA CONCEIÇÃO,2021,20,PSC,12,4
1,7,170001619686,MARCELO TUBARÃO,MARCELO DAMIÃO SIQUEIRA MACEDO,22200,22,PL,12,5
1,7,170001595424,EDUARDO LACERDA,EDUARDO GERMANO LACERDA,10022,10,REPUBLICANOS,12,5
1,7,170001609272,GALEGO DE IBIRAJUBA,JOSENANCIO CAVALCANTE DA SILVA,44844,44,UNIÃO,3,-1
1,7,170001609858,MICHEL VAQUEIRO,MICHEL VALENÇA DE OLIVEIRA,51333,51,PATRIOTA,12,5
1,7,170001605474,VICTOR TORRES,VICTOR GILLIARD DE CARVALHO LOPES,23423,23,CIDADANIA,12,5
1,7,170001605497,RON PRODUÇÕES,JOSE RONALDO DE MORAES CORREA,45145,45,PSDB,12,5
1,7,170001595429,QUINHO FENELON,HENRIQUE FENELON DE BARROS NETO,10192,10,REPUBLICANOS,12,5
1,7,170001619986,KLEBER SHAMPOO,FABIANO KLEBER DE ALMEIDA DINIZ,14123,14,PTB,12,4
1,7,170001722249,MARQUINHO DO MERCADINHO,MARCOS OTAVIANO CAVALCANTI DA SILVA,35333,35,PMB,12,4
1,7,170001620365,CID BEZERRA DE MENEZES,CID ALMEIDA BEZERRA DE MENEZES,40333,40,PSB,12,5
1,7,170001619702,CAPELÃO JORGE,JORGE ANTÔNIO MACIEL,22180,22,PL,12,5
1,6,170001595466,DEFENSOR MANOEL JERONIMO,MANOEL JERONIMO DE MELO NETO,1033,10,REPUBLICANOS,12,5
1,10,170001609176,MANOEL DA CAZANOVA,JOSÉ MANOEL DE ALMEIDA SANTOS,444,44,UNIÃO,12,4
1,6,170001610407,IRMÃ LENE,LUCILENE FRANCISCA DIAS OLIVEIRA,7030,70,AVANTE,12,5
1,6,170001602577,LUANA CAROANE,LUANA CAROANE LEITE GONÇALVES,1907,19,PODE,12,4
1,7,170001730684,THAMIRES SILVA,THAMIRES OTILIA DA SILVA,28011,28,PRTB,12,4
1,6,170001609636,PROFESSORA SUZI,SUZICLEY FREIRE SILVA,5101,51,PATRIOTA,12,4
1,7,170001718145,IVANILDO PEDRO,IVANILDO PEDRO DA SILVA,33333,33,PMN,3,-1
1,7,170001620375,HELIO GUABIRABA,HELIO BATISTA DE OLIVEIRA,40028,40,PSB,12,5
1,7,170001718639,ELISEU DE CAVALEIRO,ELISEU PEREIRA NASCIMENTO,36400,36,AGIR,12,4
1,7,170001618725,VEVÉ,EVERALDO NUNES QUEIROZ,11124,11,PP,12,5
1,7,170001618414,ANDREZÃO SILVA,ANDRÉ FILIPE VIEIRA PEREIRA DA SILVA,50555,50,PSOL,12,5
1,6,170001715429,CARLA PATRÍCIA,CARLA PATRÍCIA DE SOUZA,2024,20,PSC,12,4
1,7,170001618426,AIRLEY JUSTINO,AIRLEY DE ARAÚJO JUSTINO DO NASCIMENTO,50507,50,PSOL,3,-1
1,6,170001718020,ANDRE NASCIMENTO,CARLOS ANDRE DO NASCIMENTO,3332,33,PMN,12,4
1,6,170001634988,ERALDO BRITO,ERALDO FERREIRA DE BRITO,2815,28,PRTB,12,4
1,7,170001608959,SÉRGIO URT,SÉRGIO EDUARDO URT ALMEIDA DE  MORAES,13500,13,PT,12,5
1,7,170001605493,JAYME ASFORA,JAYME JEMIL ASFORA FILHO,45444,45,PSDB,3,-1
1,7,170001609864,LUCIANO PACHECO,LUCIANO RODRIGUES PACHECO,51789,51,PATRIOTA,12,5
1,6,170001613281,NINHO,SEVERINO DE SOUZA SILVA,1516,15,MDB,12,5
1,7,170001613436,MARIA FERNANDA,MARIA FERNANDA BARROS,70011,70,AVANTE,12,4
1,6,170001609121,DÉBORAH CARVALHO,DEBORAH IMINY BERNARDINO CARVALHO DAMASCENO,4499,44,UNIÃO,12,5
1,7,170001618396,MÃE ANDREIA DA DIVERSAS,ANDREIA DELOIZI DE LIMA CONCEIÇÃO,50300,50,PSOL,12,5
1,6,170001610395,DANY SENA,MARIA DANYELLE SENA FALCÃO DE MELO,7090,70,AVANTE,3,-1
1,4,170001613255,FERNANDA SOUTO MAIOR,FERNANDA SANTOS SOUTO MAIOR,35,35,PMB,12,4
1,6,170001618852,PROFESSORA RITA,RITA DE CASSIA SILVA DE CARVALHO CABRAL,1232,12,PDT,12,4
1,7,170001609930,FRANCISCA DE NALDO DO BARRACO,FRANCISCA TENÓRIO DE RESENDE AMARAL,55155,55,PSD,12,4
1,7,170001717066,INSPETOR EDJAILSON,EDJAILSON TAVARES DOS SANTOS,28222,28,PRTB,12,4
1,7,170001717072,CLAUDIANO CAMPOS,CLAUDIANO CAMPOS DA SILVA JUNIOR,28028,28,PRTB,12,4
1,6,170001613271,ELIAS GOMES,ELIAS GOMES DA SILVA,1502,15,MDB,12,5
1,7,170001618735,ADALTO SANTOS,JOSÉ ADALTO DOS SANTOS,11000,11,PP,12,2
1,7,170001619729,MAURÍCIO RIBEIRO,MAURÍCIO RIBEIRO DA LUZ,22337,22,PL,12,5
1,7,170001619704,IRMÃO ALMIR,ALMIR JOSÉ DA SILVA,22888,22,PL,12,5
1,6,170001718030,RICARDO OLIVEIRA,CICERO RICARDO DE OLIVEIRA,3345,33,PMN,12,4
1,6,170001595474,GABEIRA,JOSE HAILTON DE CARVALHO E SILVA,1088,10,REPUBLICANOS,12,5
1,7,170001609261,IRMÃO NALDINHO,JOSE INALDO DA SILVA,44556,44,UNIÃO,12,5
1,7,170001718135,RAMINHO,SEVERINO RAMOS DE SANTANA,33232,33,PMN,3,-1
1,7,170001722248,DIÁCONO RICARDO,RICARDO MARCOS BARROS,35888,35,PMB,3,-1
1,7,170001618932,AUGUSTO MIRANDA,JOSE AUGUSTO MATOS DE MIRANDA,12000,12,PDT,12,4
1,6,170001609080,ANDRÉ FERREIRA,ANDRÉ FERREIRA RODRIGUES,2222,22,PL,12,2
1,6,170001619894,LUCAS RAMOS,LUCAS CAVALCANTI RAMOS,4011,40,PSB,12,2
1,7,170001718648,MARCOS FRANÇA,MARCOS ANTONIO DE OLIVEIRA FRANÇA,36000,36,AGIR,12,4
1,6,170001610404,CÂNDIDO,GIVANILDO CANDIDO DA SILVA,7066,70,AVANTE,12,5
1,6,170001715430,ASSIS,FRANCISCO DE ASSIS ALVES DA SILVA,2076,20,PSC,12,4
1,7,170001618937,ZÉ QUEIROZ,JOSÉ QUEIROZ DE LIMA,12345,12,PDT,12,4
1,6,170001619891,FELIPE  CARRERAS,FELIPE AUGUSTO LYRA CARRERAS,4004,40,PSB,12,3
1,6,170001722535,EDNA SANTOS,EDNA MARIA DOS SANTOS,2897,28,PRTB,3,-1
1,7,170001595432,CLAUDIA LUPERCIO,CLAUDIA CORDEIRO DO NASCIMENTO,10777,10,REPUBLICANOS,12,5
1,7,170001730689,MISSIONÁRIA PAULA,PAULA SEBASTIAO DA SILVA,10655,10,REPUBLICANOS,12,5
1,6,170001619583,CLEIDE DO POR NÓS,LUCICLEIDE ANDRADE DE SANTANA,5022,50,PSOL,12,5
1,7,170001618741,FLAVINHA LINS,FLÁVIA DE CÁSSIA OLIVEIRA,11888,11,PP,12,5
1,7,170001717067,ANTONIA SANDRA,ANTONIA SANDRA DE ALMEIDA LIMA,28018,28,PRTB,12,4
1,7,170001613423,SIMONE DE PAULA,SIMONE DA SILVA PONTES,70077,70,AVANTE,12,4
1,7,170001605470,ANE EBRAHIM,ROSSIANE EBRAHIM DOWSLEY COURA DE MENEZES,23333,23,CIDADANIA,12,5
1,7,170001609862,CORONEL MÉDICO ÁLVARO MIRANDA,MANUEL ALVARO DE MIRANDA NETO,51510,51,PATRIOTA,12,5
1,7,170001722253,ABELARDO CABRAL,ABELARDO JOSE MODESTO CORREIA CABRAL,35222,35,PMB,12,4
1,6,170001609123,FREDERICO FRANÇA,FREDERICO FERRAZ VIEIRA DE FRANÇA,4477,44,UNIÃO,12,5
1,7,170001609860,DR. ANDERSON AQUINO,ANDERSON CHRYSTIAN RODRIGUES DE FIGUEIREDO AQUINO,51999,51,PATRIOTA,12,5
1,6,170001635000,PACO FONSECA,FRANCISCO DE ASSIS FONSECA PEREIRA,2899,28,PRTB,12,4
1,6,170001609119,ELIEZER COSTA,ELIEZER DA SILVA COSTA,4417,44,UNIÃO,12,5
1,6,170001609647,PERU,JOÃO CONSTANTINO DA SILVA FILHO,5177,51,PATRIOTA,12,4
1,7,170001730690,DR ANSELMO,ANSELMO JOSÉ DA SILVA,10021,10,REPUBLICANOS,12,5
1,7,170001618423,FABRICIO FERNANDES,FABRICIO FERNANDES CAVALCANTE,50111,50,PSOL,12,5
1,9,170001613412,LU RIBEIRO,LUCYNEIDE RIBEIRO DE SOUZA,500,50,PSOL,12,4
1,6,170001634981,NEGA,MARIA INACIA DA CONCEIÇÃO,2876,28,PRTB,3,-1
1,6,170001620143,LEÃO DO NORTE,NELSON FERREIRA DA SILVA,1400,14,PTB,12,4
1,7,170001610747,NEMÉDIO,MARCIO NEMEDIO NOGUEIRA ALVES,77713,77,SOLIDARIEDADE,12,5
1,7,170001609876,JOÃO TURBINA,JOÃO SEVERINO DE ASSUNÇÃO,51122,51,PATRIOTA,12,5
1,6,170001634993,MISSIONÁRIO FABIO MENDES,FABIO BEZERRA MENDES,2811,28,PRTB,12,4
1,6,170001604101,EDUINO FILHO,JOSE EDUINO DE BRITO CAVALCANTI FILHO,4555,45,PSDB,3,-1
1,7,170001618399,BRUNO PANTOJA,BRUNO PAULO PANTOJA,18618,18,REDE,12,5
1,7,170001619688,EDUARDO VILA NOVA,CARLOS EDUARDO VILA NOVA DE SOUZA,22007,22,PL,12,5
1,7,170001613442,WASHINGTON DA UMPE,WASHINGTON JORGE FERREIRA,70555,70,AVANTE,12,4
1,6,170001718025,ANA LUCIA JERONIMO,ANA LUCIA JERONIMO DA SILVA,3350,33,PMN,12,4
1,7,170001722264,ZITTO,FRANCISCO EZILTO CRUZ,35100,35,PMB,12,4
1,7,170001618722,DARIO JOGADOR,DIVANILSON GONCALVES DA SILVA,11005,11,PP,12,5
1,6,170001718018,DIOGENES LIMA,DIOGENES DIONISIO DO NASCIMENTO LIMA,3313,33,PMN,12,4
1,6,170001634983,VALDIR,VALDIR PAULO DA SILVA,2880,28,PRTB,12,4
1,7,170001722259,VALDIR RAMOS,VALDIR RAMOS DA SILVA,35345,35,PMB,12,4
1,6,170001619579,PROFESSOR TED WILLAMS,TED WILLAMS NOGUEIRA DE OLIVEIRA,5099,50,PSOL,12,5
1,7,170001609863,LÉO QUINTAS,LEONARDO QUINTAS MARQUES,51100,51,PATRIOTA,12,5
1,7,170001609271,CÍCERO DE EUCLIDES,CÍCERO COELHO DA SILVA,44225,44,UNIÃO,12,5
1,6,170001618853,TONNY MAGALHAES,TONNY SCHEKTER MARQUES MAGALHAES,1233,12,PDT,12,4
1,7,170001718655,MAJOR MARIANO,JOSÉ MARIANO DA SILVA,36555,36,AGIR,12,4
1,6,170001609115,CÁSSIA DO MOINHO,KASSIA GEANE DE ARRUDA MASSENA,4402,44,UNIÃO,3,-1
1,7,170001718134,SIDNEY SILVA,SIDNEY JOSE DA SILVA,33633,33,PMN,3,-1
1,7,170001618745,CHICO KIKO,FRANCISCO FERREIRA DA SILVA FILHO,11111,11,PP,12,5
1,7,170001618403,IVAN MORAES,IVAN VASCONCELLOS DE MORAES FILHO,50100,50,PSOL,12,5
1,7,170001618926,ANDRÉ CARVALHO,ANDRÉ CARVALHO DE MOURA,12456,12,PDT,12,4
1,6,170001723352,ERONILDES BARBOSA,ERONIDES PEQUENO BARBOSA,2721,27,DC,12,4
1,6,170001723363,CIDINHA DO POVO,MARIA APARECIDA PEREIRA DA SILVA,2788,27,DC,12,4
1,7,170001595437,DINDA DA CULTURA,JACY SOARES DE LIMA,10113,10,REPUBLICANOS,12,5
1,6,170001596602,GEORGE BASTOS,GEORGE EMÍLIO DE MORAES BASTOS GONÇALVES,3030,30,NOVO,12,4
1,7,170001595445,PROFESSOR BIRA,SALUSTIANO PEREIRA DE ARAUJO NETO,10888,10,REPUBLICANOS,12,5
1,7,170001609304,ERICK CASTELO BRANCO,ERICK CASTELO BRANCO,44024,44,UNIÃO,12,5
1,6,170001609635,MARCELO MOURA,MARCELO FALCÃO DE MOURA,5152,51,PATRIOTA,12,4
1,6,170001609130,DR. VINICIUS CAMPOS,VINICIUS CAMPOS DE MELO,4455,44,UNIÃO,12,5
1,7,170001608973,JOAQUIM LIRA,JOAQUIM ELIAS CARNEIRO DE LIRA,43555,43,PV,12,2
1,7,170001618936,THOMÁS BRITO,JOSÉ THOMAS BARBOSA DA SILVA BRITO,12444,12,PDT,12,4
1,6,170001609041,DR. ADAIAS LUCENA,ADAIAS LUCENA DOS SANTOS,1350,13,PT,12,5
1,6,170001634997,PAULO SALES,PAULO HENRIQUE MELO SILVA SALES,2828,28,PRTB,12,4
1,6,170001613264,CÂNDIDA BOMFIM,CANDIDA VALÉRIA SANTOS BOMFIM,1521,15,MDB,12,5
1,6,170001729638,JACILDA URQUISA,MARIA JACILDA GODOI URQUISA,4454,44,UNIÃO,12,5
1,6,170001723359,VASCONCELOS,SEVERINO RAMOS DE VASCONCELOS,2780,27,DC,12,4
1,7,170001618410,AELSON DA HORA,AELSON FERREIRA DA HORA,50250,50,PSOL,12,5
1,6,170001620147,LUIZ OLIVEIRA,JOSÉ LUIZ DE OLIVEIRA,1466,14,PTB,3,-1
1,6,170001718021,JAIR FELIX,JAIR FELIX DA SILVA,3377,33,PMN,12,4
1,7,170001722275,PASTOR VALDEMIR,VALDEMIR COSTA DA SILVA,35445,35,PMB,3,-1
1,7,170001619707,JOEL DA HARPA,JOEL MAURINO DO CARMO,22300,22,PL,12,2
1,6,170001718022,PASTOR EDILSON SOUZA,EDILSON IZIDIO DE SOUZA,3311,33,PMN,12,4
1,6,170001609651,EZIO FERNANDES,EZIO FERNANDES DE OLIVEIRA,5102,51,PATRIOTA,12,4
1,6,170001618619,BISPO MARCOS CAMPELO,MARCOS BEZERRA CAMPELO,1167,11,PP,12,5
1,6,170001610408,MARCELO MOTTA,MARCELO DA MOTTA SILVEIRA,7007,70,AVANTE,12,5
1,7,170001620401,MARCO AURELIO MEU AMIGO,MARCO AURELIO DE MEDEIROS LIMA,40999,40,PSB,12,5
1,6,170001610568,DELEGADO EDUARDO PORTO,EDUARDO PORTO DE BARROS,7799,77,SOLIDARIEDADE,3,-1
1,7,170001613419,MANU TORRES,MANUELE TORRES DA SILVA,70112,70,AVANTE,12,4
1,6,170001618848,JULIE BRONZE,JULIANE MARIA LOPES DE ARAÚJO,1230,12,PDT,12,4
1,7,170001618402,VILMA E ZÉLIA - COLETIVO,VILMA MARIA FERREIRA,18999,18,REDE,12,5
1,6,170001613282,SIMONE LINS,SIMONE MARIA DE SOUZA LINS,1507,15,MDB,12,5
1,7,170001718140,PAMELA MENDES,PAMELA KATHELLEN SILVA MENDES,33100,33,PMN,3,-1
1,7,170001620363,ANGELA COUTINHO,ANGELA DE FATIMA DE AGUIAR COUTINHO D ANGELO,40159,40,PSB,12,5
1,7,170001605488,SAMIA A VERAS,GDNIA SAMIA ARAUJO VERAS,23577,23,CIDADANIA,12,5
1,6,170001609033,GORETHE LUCENA COLETIVO LINDU,MARIA GORETHE ALVES LUCENA,1320,13,PT,12,5
1,6,170001609642,NEGO BOMBEIRO,EDESIO GOMES DE ANDRADE,5193,51,PATRIOTA,12,4
1,3,170001613254,JADILSON BOMBEIRO,JADILSON FRANCISCO DE ANDRADE,35,35,PMB,12,4
1,7,170001618428,CRISTIANO NASCIMENTO,CRISTIANO BATISTA DO NASCIMENTO,18718,18,REDE,12,5
1,7,170001613425,PROF ADRELINA,ADRELINA BARATA DA SILVA,70007,70,AVANTE,12,4
1,7,170001620400,PROFESSORA ROSA HELENA,ROSA HELENA DOS SANTOS FARIAS,40626,40,PSB,12,5
1,7,170001610951,LU QUEIROZ,LURDINEZ NAZARE DOS SANTOS DE ANDRADE QUEIROZ,90000,90,PROS,12,4
1,7,170001609284,SOCORRO PIMENTEL,MARIA DO SOCORRO HOLANDA MUNIZ FALCÃO DO ESPIRITO SANTO,44111,44,UNIÃO,12,3
1,7,170001618939,RINALDO DO SANTO AFONSO,RINALDO ALEXANDRE TEIXEIRA PONTES,12124,12,PDT,12,4
1,7,170001605472,RAMOS,SEVERINO RAMOS DE SANTANA,45112,45,PSDB,12,5
1,7,170001619981,TENENTE WEIDSON,WEIDSON HUGO DE ARAÚJO,14100,14,PTB,3,-1
1,6,170001609083,CORONEL BOANERGES,BOANERGES DE CARVALHO CERQUEIRA SOBRINHO,2215,22,PL,12,5
1,6,170001718017,LUCIA DAS COMIDINHAS,LUCIA MARIA SILVA DE OLIVEIRA,3367,33,PMN,12,4
1,7,170001619706,CÍCERA É AGORA,CÍCERA MARIA MARQUES DE LIMA,22227,22,PL,12,5
1,7,170001610725,VALDECK FARIAS,JOSÉ VALDECK DE FARIAS,77333,77,SOLIDARIEDADE,12,5
1,6,170001609652,JANIO TRATADOR,JANIO JOSÉ BARBOSA DE OLIVEIRA,5117,51,PATRIOTA,12,4
1,7,170001610719,JORGE CARREIRO,JORGE LUIS CARREIRO DE BARROS,77077,77,SOLIDARIEDADE,12,5
1,7,170001619681,JOÃO GUIDO,JOÃO INOCÊNCIO GUIDO,22022,22,PL,12,5
1,7,170001618422,LUIZ ANTÔNIO,LUIZ ANTONIO DE MELO,18018,18,REDE,12,5
1,7,170001618941,IRMÃO CARLOS,JOSE CARLOS DE LIRA CUNHA,12123,12,PDT,12,4
1,6,170001609081,ANA PAULA PAULINO,ANA PAULA DA SILVA SANTANA,2288,22,PL,12,5
1,7,170001619696,CARMEM ,CARMELINDA MARQUES,22050,22,PL,12,5
1,7,170001595427,DIDO VIEIRA,GILVANDRO VIEIRA DE ANDRADE FILHO,10222,10,REPUBLICANOS,12,5
1,7,170001609870,RICARDO RADIADOR,RICARDO JOSÉ BARBOSA CALADO,51820,51,PATRIOTA,12,5
1,6,170001634985,LULA GONZAGA,LUIZ CARLOS GONZAGA DOS SANTOS,2818,28,PRTB,12,4
1,7,170001618736,CLÓVIS PAIVA,CLOVIS JOSÉ PRAGANA PAIVA,11211,11,PP,12,5
1,7,170001619979,ADRIAN MAIA,ADRIAN MAIA BARBOSA LIMA,14022,14,PTB,12,4
1,7,170001609301,LUIZ CARLOS,LUIZ CARLOS VERA CRUZ,44422,44,UNIÃO,12,5
1,7,170001608979,PROFESSOR HELMILTON BESERRA,HELMILTON JOSÉ GONÇALVES BESERRA,65013,65,PC do B,12,5
1,7,170001609280,RINALDO MOTOCICLISTAS JUNTOS,RINALDO EDUARDO TAVARES,44052,44,UNIÃO,12,5
1,6,170001613268,GERALDO TAVARES   GT,GERALDO TAVARES DA SILVA,1577,15,MDB,12,5
1,7,170001595433,ADELMO STO AMARO,ADELMO FERREIRA BARBOSA,10110,10,REPUBLICANOS,12,5
1,7,170001619695,JOJÓ GUERRA,JOSIAS CORREIA GUERRA,22522,22,PL,12,5
1,6,170001618621,MAGDA ALVES,MAGDA ALVES DE MELO,1145,11,PP,12,5
1,6,170001723351,EGRE GUERRA,EGRE ARAUJO GUERRA,2708,27,DC,12,4
1,6,170001610393,CRIS DA MUDANÇA,CRISTIANE KARLA ALVES DE MELO,7099,70,AVANTE,12,5
1,7,170001609283,MARIA ELENA,MARIA ELENA DE ALENCAR,44613,44,UNIÃO,12,5
1,7,170001618746,CRHISTIAN LISBOA,CRHISTIAN FERNANDO LISBOA,11231,11,PP,3,-1
1,7,170001595450,TIAGO PONTES,TIAGO PONTES QUEIROZ,10000,10,REPUBLICANOS,12,5
1,7,170001608958,VINICIUS CASTELLO,VINICIUS NASCIMENTO DOS SANTOS,13789,13,PT,12,5
1,6,170001609124,CAROL PAIVA,CAROLINE GOIS DE PAIVA,4434,44,UNIÃO,12,5
1,6,170001609088,GEANE GABRIEL,GEANE GABRIEL SOARES SANTOS,2220,22,PL,12,5
2,3,170001610442,MARÍLIA ARRAES,MARÍLIA VALENÇA ROCHA ARRAES DE ALENCAR,77,77,SOLIDARIEDADE,12,4
1,7,170001723369,PROFESSORA ELAINE,ELAINE PEREIRA DO NASCIMENTO,27306,27,DC,12,4
1,6,170001718009,EDVAN OLIVEIRA,EDVAN FRANCISCO DE OLIVEIRA,3333,33,PMN,12,4
1,6,170001620144,ANTONIO CANDIDO ALFAIATE MIAGI,ANTONIO CÃNDIDO DA SILVA,1415,14,PTB,12,4
1,6,170001618622,FERNANDO MONTEIRO,FERNANDO MONTEIRO DE ALBUQUERQUE,1190,11,PP,12,2
1,7,170001605479,CASSIANO,CASSIANO OLIVEIRA DA SILVA,23111,23,CIDADANIA,12,5
1,6,170001609656,ALUIZIO RADIALISTA,ALUIZIO LOURENÇO DA SILVA,5144,51,PATRIOTA,3,-1
1,6,170001723357,CINESIO ELETRICISTA,CINESIO JOÃO DA SILVA,2799,27,DC,12,4
1,6,170001717463,LUIZINHO RATO DO MANGUE,WALTER LUIZ DA SILVA FILHO,2904,29,PCO,3,4
1,6,170001619582,ÁUREO CISNEIROS,ÁUREO CISNEIROS LUNA FILHO,5013,50,PSOL,3,4
1,7,170001717290,DORGIVAL SALES,DORGIVAL JOSÉ DE SALES,29004,29,PCO,3,4
1,7,170001717289,JAMILTON DE MELO,JAMILTON DE MELO PEREIRA PINTO,29002,29,PCO,3,4
1,7,170001722257,PRISCILA SILVA,PRISCILA BEZERRA DA SILVA,35879,35,PMB,3,-1
1,7,170001718640,CIDA DE BOM JARDIM,MARIA APARECIDA DO NASCIMENTO,36123,36,AGIR,12,4
1,7,170001610749,KELLY GOMES,JOANA KELLY GOMES DE LIMA,77511,77,SOLIDARIEDADE,12,5
1,7,170001722255,BETÂNIA LINDOLFO,BETANIA DA SILVA LINDOLFO,35180,35,PMB,12,4
1,6,170001723349,ANTONIA ENFERMEIRA,ANTONIA SOTERO DA SILVA,2725,27,DC,12,4
1,7,170001718647,GLAUCIA NUNES,GLAUCIA NUNES DA SILVA,36666,36,AGIR,12,4
1,7,170001618938,ELISAMA ALMEIDA,ELISAMA ARAÚJO DE ALMEIDA,12254,12,PDT,3,-1
1,7,170001610748,SANDRA COSTA,SANDRA REGINA DA COSTA,77177,77,SOLIDARIEDADE,12,5
1,7,170001620379,SIMONE SANTANA,SIMONE ALICE DE OLIVEIRA SANTANA,40456,40,PSB,12,2
1,7,170001613439,SANDRA AZEVEDO,SANDRA FATIMA SOUSA DE AZEVEDO,70122,70,AVANTE,12,4
1,6,170001723354,DAYSE BRANDÃO,DAYSE FERREIRA BRANDÃO ROCHA,2723,27,DC,12,4
1,7,170001619726,SARGENTO MOURA,LEONARDO FERREIRA DE MOURA,22567,22,PL,12,5
1,7,170001618424,WELL,WELL CARLOS DA SILVA,50130,50,PSOL,12,5
1,7,170001619684,SARGENTO EDSON JÚNIOR,EDSON FERREIRA DA SILVA JÚNIOR,22555,22,PL,12,5
1,7,170001620384,DANNILO GODOY,DANNILO CAVALCANTE VIEIRA,40234,40,PSB,12,2
1,7,170001722274,MARCIO ALEXANDRE,MARCIO ALEXANDRE NUNES,35235,35,PMB,3,-1
1,7,170001739180,WENDEL BONDE DA NOVA ALIANÇA,WENDEL FELIX DOS SANTOS,44544,44,UNIÃO,12,5
1,7,170001609291,NERIVALTER DO IBURA,NERIVALTER NASCIMENTO DE LIMA,44044,44,UNIÃO,12,5
1,7,170001609308,CORONEL OSTHERVALD,JOSE OSTHERVALD DA SILVA JUNIOR,44193,44,UNIÃO,12,5
1,6,170001610405,DR JOÃO FERRAZ,JOÃO FRANCISCO CARNEIRO DE ALMEIDA FERRAZ,7000,70,AVANTE,12,5
1,6,170001602542,SIMONE FONTANA,SIMONE FONTANA,1606,16,PSTU,12,4
1,6,170001609645,ALLAN LIRA,ALLAN BARBOSA DE LIRA,5166,51,PATRIOTA,12,4
1,7,170001604071,JOSÉ LAURENTINO,JOSÉ LAURENTINO,16000,16,PSTU,12,4
1,6,170001634999,ANA PAULA,ANA PAULA DA CONCEIÇÃO,2850,28,PRTB,12,4
1,7,170001729155,VILHENIA FILGUEIRA,VILHENIA CRISTINA FILGUEIRA DOS SANTOS,11411,11,PP,12,5
1,7,170001618727,ANUNCIADO VIEIRA ,EUCIAS ANUNCIADA VIEIRA,11344,11,PP,12,5
1,6,170001620148,RÔMULO BITTENCOURT,RÔMULO TORREÃO BITTENCOURT DE CARVALHO,1477,14,PTB,3,-1
1,7,170001609274,RAFFIÊ,RAFFIE DELLON JORDAO BARBOSA,44555,44,UNIÃO,12,5
1,7,170001613429,CASSIO VICTOR,CASSIO VICTOR DE MELO ALVES,70800,70,AVANTE,12,4
1,6,170001634994,JOÃO NETO,JOÃO FRANCISCO NETO,2812,28,PRTB,12,4
1,5,170001608748,GUILHERME COELHO,GUILHERME CRUZ DE SOUZA COELHO,456,45,PSDB,12,4
1,6,170001613267,ANA DA ÓTICA,GERCINA MARIA BARBOSA DE OLIVEIRA,1599,15,MDB,12,5
1,7,170001609882,LUCIANA TEREZA,LUCIANA TEREZA SANTOS DA SILVA,51310,51,PATRIOTA,12,5
1,7,170001609282,IRMÃ JAILZA,JAILZA CHRISTINE SILVA REIS,44140,44,UNIÃO,12,5
1,7,170001718659,EMERSON LEAL,EMERSON LEAL DA SILVA,36777,36,AGIR,12,4
1,7,170001620383,RODRIGO FARIAS,RODRIGO MOTA DE FARIAS,40540,40,PSB,12,2
1,7,170001715192,FRANCISCO DE ASSIS,FRANCISCO DE ASSIS GUEDES DA COSTA,14888,14,PTB,3,4
1,6,170001609067,JOÃO MACHADO,JOÃO MACHADO GUIMARÃES,2225,22,PL,12,5
1,6,170001619601, ANGELO BRANCO,ANGELO BRANCO JOFILSAN CALLOU,1883,18,REDE,12,5
1,6,170001613262,TONYNHO RODRIGUES,ANTÔNIO GERALDO RODRIGUES DA SILVA FILHO,1522,15,MDB,12,5
1,6,170001609116,PASTOR JAIRINHO,JAIRO LIMA DA SILVA,4422,44,UNIÃO,12,5
1,7,170001609859,BETO ACCIOLY,JOSÉ ROBERTO SANTOS DE MOURA ACCIOLY,51651,51,PATRIOTA,12,5
1,6,170001609135,RENÉ IMPÉRIO ,JOSÉ RENEEIDE DA SILVA,4488,44,UNIÃO,12,5
1,6,170001618608,DELEGADO ISRAEL,ISRAEL LIMA BRAGA RUBIS,1112,11,PP,12,5
1,9,170001609175,MARCOS AMARAL,MARCOS AURÉLIO VIDAL AMARAL,444,44,UNIÃO,12,4
1,4,170001601204,PROFESSOR MARIANO,JOSÉ MARIANO DE MACEDO,16,16,PSTU,12,4
1,6,170001609112,LUCIANO BIVAR,LUCIANO CALDAS BIVAR,4444,44,UNIÃO,12,3
1,6,170001609113,ALINE CORRÊA,ALINE LEMOS CORRÊA DE OLIVEIRA ANDRADE,4404,44,UNIÃO,12,5
1,7,170001609290,SILMARA ENFERMEIRA,SILMARA CRISTIANE DA SILVA CARVALHO,44234,44,UNIÃO,12,5
1,7,170001619697,ADEILDO DA IGREJA,ADEILDO PEREIRA LINS,22345,22,PL,12,5
1,6,170001609129,ALEXANDRE LACERDA,ALEXANDRE AROUCHA DE LACERDA,4443,44,UNIÃO,12,5
1,6,170001610400,JÚNIOR GÁS,CARLOS ALBERTO DOS SANTOS,7010,70,AVANTE,12,5
1,7,170001620392,ADERALDO PINTO,ADERALDO DE OLIVEIRA FLORÊNCIO,40888,40,PSB,12,5
1,7,170001618760,CARLINHOS DA GENTE,CARLOS CORREIA DE OLIVEIRA NASCIMENTO,11500,11,PP,12,5
1,7,170001619703,LUCIENE ÍNDIA,MARIA LUCIENE DA SILVA,22611,22,PL,12,5
1,7,170001722256,EDELSON BENÇA,EDELSON PEREIRA DOS SANTOS,35017,35,PMB,12,4
1,7,170001618411,GUTO SANTA CRUZ,ANTONIO AUGUSTO SANTA CRUZ DE SOUZA,18613,18,REDE,12,5
1,6,170001610410,BELARMINO SILVA,SEVERINO JOSE BELARMINO DA SILVA,7001,70,AVANTE,12,5
1,6,170001609022,CÍCERO ROMÃO,CÍCERO ROMÃO DE OLIVEIRA,1370,13,PT,12,5
1,3,170001604111,MIGUEL COELHO,MIGUEL DE SOUZA LEÃO COELHO,44,44,UNIÃO,12,4
1,7,170001618730,JEFERSON TIMÓTEO,JEFERSON TIMÓTEO DE LIMA,11011,11,PP,12,2
1,7,170001618935,ANA CLARA DE CHRISTO,ANA CLARA DE CHRISTO LOPES,12999,12,PDT,12,4
1,3,170001604087,RAQUEL LYRA,RAQUEL TEIXEIRA LYRA LUCENA,45,45,PSDB,12,6
1,6,170001602568,ELIZABETH SOUTO,ELIZABETH RIBEIRO SOUTO,1922,19,PODE,12,4
1,6,170001618841,ISABELLA DE ROLDAO,ISABELLA MENEZES DE ROLDAO FIORENZANO,1212,12,PDT,12,4
1,6,170001610574,MARIA ARRAES,MARIA LEAL ARRAES DE ALENCAR,7713,77,SOLIDARIEDADE,12,3
1,7,170001736575,IRMÃO TUTUI,GERCINALDO DO NASCIMENTO BARBOZA,14300,14,PTB,3,-1
1,6,170001609027,JOSÉ MARTINS,JOSÉ MARTINS DA SILVA JUNIOR,4313,43,PV,3,-1
1,6,170001619593,RAPHA CARVALHO,RAPHAELA CRISTINA CARVALHO DA SILVA,5006,50,PSOL,12,5
1,6,170001609035,PROFESSORA KARLA,ANA KARLA PEREIRA DA SILVA NEVES DE SOUZA,1340,13,PT,12,5
1,6,170001718773,LENO TOP,LENIVALDO DE ASSIS FERREIRA,3615,36,AGIR,3,-1
1,7,170001595431,WILLIAM BRIGIDO,WILLIAM DOS SANTOS BRIGIDO,10123,10,REPUBLICANOS,12,2
1,7,170001609294,PASTOR GILVAN COSTA,GILVAN OLIVEIRA COSTA,44622,44,UNIÃO,12,5
1,7,170001618740,IRMAO CLECIO,JOSE CLECIO DA TRINDADE,11110,11,PP,3,-1
1,7,170001609295,AGOSTINHO FERRAZ SIM,JOÃO AGOSTINHO LIMA FERRAZ,44644,44,UNIÃO,12,5
1,7,170001620382,WALDEMAR BORGES,WALDEMAR ALBERTO BORGES RODRIGUES NETO,40640,40,PSB,12,2
1,7,170001605478,CARLOS BRAGA,CARLOS EDUARDO BRAGA FARIAS,45133,45,PSDB,12,5
1,7,170001723375,JORGE VIANA,JORGE LINO VIANA,27222,27,DC,12,4
1,6,170001717462,CLÉCIO BASÍLIO DA SILVA,CLÉCIO BASÍLIO DA SILVA,2903,29,PCO,3,4
1,6,170001619893,ERIBERTO MEDEIROS,JOSE ERIBERTO MEDEIROS DE OLIVEIRA,4044,40,PSB,12,2
1,6,170001609128,DELEGADO RESENDE,ANTONIO GABRIEL HONORATO RESENDE,4445,44,UNIÃO,12,5
1,7,170001610740,LEO DAMASSA,LEONARDO JOSÉ MARINHO DAMASCENO,77613,77,SOLIDARIEDADE,3,-1
1,6,170001595468,OSSESIO SILVA,OSSESIO JOSE DA SILVA,1012,10,REPUBLICANOS,12,5
1,7,170001618728,PASTOR CLEITON COLLINS,CLEITON GONÇALVES DA SILVA,11611,11,PP,12,2
1,7,170001609307,RAFAEL CAVALCANTI,JOÃO RAFAEL DE OLIVEIRA MENDES CORREIA CAVALCANTI,44678,44,UNIÃO,12,5
1,7,170001618759,HENRIQUE QUEIROZ FILHO,HENRIQUE JOSE QUEIROZ COSTA FILHO,11777,11,PP,12,3
1,6,170001728102,CLEIDE LOPES,CLEIDE LOPES DA SILVA,7707,77,SOLIDARIEDADE,12,5
1,7,170001609269,BRUNA KARINA,BRUNA KARINA ANASTÁCIA GOMES DA SILVA,44400,44,UNIÃO,12,5
1,7,170001618755,JOACI FREITAS ,JOACI DE FREITAS VALENTIM DA SILVA,11115,11,PP,12,5
1,7,170001613174,MARIA LUIZA,MARIA LUIZA DE SOUZA,23523,23,CIDADANIA,12,5
1,7,170001620391,AÇUCENA CALHEIROS,AÇUCENA LIRA LINS,40700,40,PSB,12,5
1,6,170001734027,CENIRA DA SAÚDE,IRACENIRA DA SILVA PAIXÃO FALCÃO FARIAS,7090,70,AVANTE,12,5
1,7,170001610744,ENFERMEIRA BRUNA CAROLINA,BRUNA CAROLINA LINS DOS SANTOS,77435,77,SOLIDARIEDADE,12,5
1,5,170001613411,EUGÊNIA LIMA,MARIA EUGENIA WANDERLEY LIMA,500,50,PSOL,12,4
1,6,170001718777,AMANDA MORAIS,AMANDA BIANCA RODRIGUES DE MORAIS E SILVA,3637,36,AGIR,12,4
1,7,170001618763,BISPA ANA CAMPELO,ANA ELIZABETH DA SILVA CORREIA CAMPELO,11667,11,PP,12,5
1,6,170001718765,CARLA ROCHA,CARLA PATRICIA DA ROCHA,3648,36,AGIR,12,4
1,6,170001609069,RODOLFO SILVA,JOSÉ RODOLFO DA SILVA,2290,22,PL,12,5
1,7,170001718653,SUBTENENTE ROCHA,ZENOILDO ROCHA PRATES,36190,36,AGIR,12,4
1,6,170001602571,MAJOR TARCIZIO,TARCIZIO FABRÍCIO MENDES,1938,19,PODE,12,4
1,6,170001609639,DOUTOR DIOGENES,DIOGENES GOMES PEDROSA,5122,51,PATRIOTA,12,4
1,7,170001618729,DEMAS NEVES,JOSE ADEMILSON DAS NEVES,11123,11,PP,12,5
1,7,170001734022,APARECIDA ABILIO,MARIA APARECIDA ABILIO DA SILVA,51364,51,PATRIOTA,3,4
1,10,170001610250,MERY DA SAÚDE,ROSEMERY DA SILVA ALVES,555,55,PSD,12,4
1,6,170001610401,ÊNIO BATISTA,CARLOS EUGÊNIO BATISTA DA SILVA,7011,70,AVANTE,12,5
1,6,170001609649,SANDRO DA TAPIOCA,SANDRO GLEDSON CAMPOS PEREIRA,5100,51,PATRIOTA,12,4
1,7,170001618754,RAFAEL LEITAO,RAFAEL LEITAO DE ALBUQUERQUE GONCALVES DA SILVA,11013,11,PP,12,5
1,7,170001609887,DOMINGOS SOLDADOR,JOSÉ DOMINGOS DOS SANTOS,51511,51,PATRIOTA,12,5
1,6,170001609655,ARAUJO,JOSÉ SOARES DE ARAUJO FILHO,5133,51,PATRIOTA,12,4
1,6,170001609085,EVANDRO ALENCAR,EVANDRO DE ALENCAR CARVALHO,2244,22,PL,12,5
1,6,170001602541,HELIO CABRAL,HÉLIO CABRAL LIMA,1616,16,PSTU,12,4
1,6,170001718010,YEDA DE PEIXINHOS,YEDA MARIA DE BRITO LIMA,3366,33,PMN,12,4
1,6,170001733443,SOLANGE BRAZ,SOLANGE MARIA BRAZ DA SILVA,4570,45,PSDB,12,4
1,7,170001595443,MARIO RICARDO,MARIO RICARDO SANTOS DE LIMA,10610,10,REPUBLICANOS,12,2
1,7,170001595440,LEO FERREIRA,LEONARDO ALVES FERREIRA,10555,10,REPUBLICANOS,12,5
1,7,170001618749,TOINHO DA UNIAO,ANTONIO BATISTA DE MOURA FILHO,11456,11,PP,12,5
1,7,170001619715,MARINHO,MARIO PEREIRA DA SILVA,22380,22,PL,12,5
1,7,170001619724,GUTEMBERGUE ALVES DE SANTANA J,GUTEMBERGUE ALVES DE SANTANA JUNIOR,22267,22,PL,12,5
1,7,170001605465,AMIGÃO LAMARTH PIANCO,LAMARTH LEITE PIANCO,45800,45,PSDB,12,5
1,6,170001726028,AGENALDO LESSA,AGENALDO LESSA LEÃO,4544,45,PSDB,3,-1
1,4,170001604112,ALESSANDRA VIEIRA,ALESSANDRA XAVIER DA ROCHA VIEIRA,44,44,UNIÃO,12,4
1,7,170001717065,VIVIANE TRINDADE,VIVIANE ROSE NOVO TRINDADE DOS SANTOS,28022,28,PRTB,12,4
1,7,170001619705,EVODIA ROSA,EVODIA ROSA DOS SANTOS SILVA,22220,22,PL,3,-1
1,7,170001619694,KELLY SOUZA,TATIANE KELLY BEZERRA SOUZA,22122,22,PL,12,5
1,7,170001609293,SELMA DAS MULHERES ARTICULADAS,SELMA BARBOSA GALDINO,44113,44,UNIÃO,12,5
1,6,170001602567,VÂNIA DE OIM,EDIVÂNIA LAURA DA SILVA,1955,19,PODE,12,4
1,6,170001618836,PROFESSORA EDIVANIA ARCANJO,EDIVANIA ARCANJO DO NASCIMENTO BARROS,1240,12,PDT,12,4
1,7,170001609867,CONTERRÂNEO JONAS,JONAS DE OLIVEIRA FERREIRA,51551,51,PATRIOTA,12,5
1,6,170001718023,IRMÃO MARCIO,MARCIO JORGE DE MORAIS,3378,33,PMN,3,4
1,7,170001620367,DAVI MUNIZ,DAVI BERNARDO MUNIZ,40122,40,PSB,12,5
1,6,170001602570,SAID SOUSA,SAID OLIVEIRA DE SOUSA,1933,19,PODE,12,4
1,7,170001619710,RENATO ANTUNES,PAULO RENATO ANTUNES GUIMARÃES,22622,22,PL,12,2
1,6,170001609134,GERSINHO FILHO ,GERSON JOSÉ DE CARVALHO SOUZA FILHO,4400,44,UNIÃO,12,5
1,6,170001724241,GOMES JUNTOS PELA ENFERMAGEM,BENEDITO GOMES DE LIMA FILHO,5051,50,PSOL,12,5
1,7,170001735036,DANIELLE RODRIGUES,DANIELLE RODRIGUES CAVALCANTI,27051,27,DC,3,4
1,7,170001608954,DETE SILVA,JOSIDETE BARBOSA DA SILVA,65035,65,PC do B,12,5
1,6,170001717460,VERA ARAÚJO,MARIA VERÔNICA GONÇALVES DE ARAÚJO,2901,29,PCO,3,4
1,7,170001620399,JOSÉ PATRIOTA,JOSE COIMBRA PATRIOTA FILHO,40413,40,PSB,12,2
1,6,170001609136,LUCIANA GOMES,LUCIANA WILSON DE VASCONCELOS,4454,44,UNIÃO,3,-1
1,6,170001618618,DRA MANUELA ANGELO,MANUELA ANGELO DA SILVA,1170,11,PP,12,5
1,5,170001717466,ROBERTA RITA,ROBERTA RITA CAVALCANTI PEREIRA,290,29,PCO,3,4
1,7,170001718143,ROBERIA PINCHO,ROBERIA SURAMA FERNANDES PINCHO,33166,33,PMN,12,4
1,3,170001715331,JOÃO ARNALDO,JOÃO ARNALDO NOVAES JÚNIOR,50,50,PSOL,12,4
1,6,170001619596,WALLAMY DANILO,WALLAMY DANILO DA SILVA ANDRADE,5014,50,PSOL,12,5
1,7,170001609305,JAIRO METÓDIO E RODOVIÁRIOS,JAIRO JOSE FRANCISCO METODIO,44100,44,UNIÃO,12,5
1,6,170001618838,IRINEU CARDOSO,IRINEU CARDOSO JUNIOR,1200,12,PDT,12,4
1,7,170001718652,JACKSON NOGUEIRA,JACKSON NOGUEIRA DA SILVA,36336,36,AGIR,12,4
1,6,170001718764,CIDINHO,ALCIDES SAMPAIO DE VASCONCELOS,3622,36,AGIR,12,4
1,7,170001609285,ANTONIO COELHO,ANTONIO DE SOUZA LEAO COELHO,44000,44,UNIÃO,12,2
1,7,170001610717,MANGA,ANTÔNIO BARROS  DE SOUZA FILHO,77787,77,SOLIDARIEDADE,3,-1
1,7,170001608977,DORIEL,DORIEL SATURNINO DE BARROS,13123,13,PT,12,2
1,4,170001610443,SEBASTIÃO OLIVEIRA,SEBASTIÃO IGNÁCIO DE OLIVEIRA JÚNIOR,77,70,AVANTE,12,6
1,6,170001595460,EDNO MELO,EVALDSSON EDNO ROSENDO DE MELO,1011,10,REPUBLICANOS,12,5
1,7,170001610721,VALDEMIR OLIVEIRA,VALDEMIR JOAO DE OLIVEIRA,77444,77,SOLIDARIEDADE,12,5
1,5,170001610248,ANDRÉ DE PAULA,ANDRÉ CARLOS ALVES DE PAULA FILHO,555,55,PSD,12,4
1,7,170001608984,JOÃO PAULO,JOÃO PAULO LIMA E SILVA,13113,13,PT,12,2
1,6,170001604108,CONCEIÇÃO CEÇA,RUTE MARIA DA CONCEIÇÃO SILVA,4582,45,PSDB,3,-1
1,6,170001718012,AMANDA DAS COMUNIDADS,AMANDA MARIA QUEIROZ DE OLIVEIRA,3303,33,PMN,12,4
1,7,170001619717,REBECA LUCENA,REBECA LUCENA DE SOUZA SANTOS DANTAS,22123,22,PL,12,5
1,7,170001618927,RISLAYNE SOUZA,RISLAYNE CHISMAR DO NASCIMENTO SOUZA,12321,12,PDT,12,4
1,7,170001595430,MISSIONARIA GRAÇA MIRANDA,MARIA DAS GRAÇAS DA SILVA MIRANDA,10122,10,REPUBLICANOS,12,5
1,7,170001723516,LUPÉRCIA SOUZA,LUPERCIA REGINA RUBERIA DE SOUZA,90123,90,PROS,3,4
1,6,170001619590,NEIDE FREITAS,JOSINEIDE FREITAS COSTA,1811,18,REDE,12,5
1,7,170001609869,CAROL GUIMARÃES,MARIA CAROLINA GUIMARÃES WANDERLEY,51022,51,PATRIOTA,12,5
1,6,170001723407,MARIA EUNICE,MARIA EUNICE LEITE,2868,28,PRTB,12,4
1,6,170001619890,FABIOLA MACIEL,FABIOLA CAVALCANTI MACIEL DA SILVA,4002,40,PSB,12,5
1,6,170001619584,ROBEYONCÉ,ROBEYONCÉ LIMA,5000,50,PSOL,12,5
1,4,170001715332,ALICE GABINO,ALICE DOS SANTOS GABINO,50,18,REDE,12,4
1,6,170001610398,DR ANTONIO STENIO,ANTONIO STENIO BARBOSA GOMES,7050,70,AVANTE,12,5
1,6,170001602564,DENNY OLLIVEIRA TV,DENNISON OLIVEIRA LIMA,1966,19,PODE,3,-1
1,7,170001613821,ZECA,JOSÉ CAVALCANTI ALVES JÚNIOR,44144,44,UNIÃO,12,5
1,7,170001723372,ALEX BRITO,ALEX JOSE TAVARES DE BRITO,27112,27,DC,12,4
1,6,170001602583,TENENTE GIDEONE,GIDEONE PORFÍRIO DA COSTA,1901,19,PODE,12,4
1,6,170001596605,DR. EUGÊNIO SÁ,EUGÊNIO PACELLI DE ARAÚJO SÁ,3003,30,NOVO,12,4
1,6,170001610414,GILMAR GAROTO,GILMAR PEREIRA DA SILVA,7080,70,AVANTE,12,5
1,7,170001618418,MESSIAS,DEYVSON MESSIAS PESSOA DO REGO,50124,50,PSOL,12,5
1,7,170001723371,CLAUDINHA,CLAUDIA SIQUEIRA SILVA,27497,27,DC,12,4
1,7,170001620389,PATRICIA VIUVA,PATRICIA LUCIA DE SOUZA ROMÃO,40022,40,PSB,12,5
1,7,170001609856, MARIA INÊS PANELAÇO,MARIA INÊS FERREIRA DE ALBUQUERQUE,51232,51,PATRIOTA,12,5
1,6,170001609132,SOCORRINHO DA APAMI,MARIA DO SOCORRO ALVARES MARIZ,4411,44,UNIÃO,12,5
1,6,170001620141,MISSIONÁRIO PEDRO PAULO,PEDRO PAULO DOS SANTOS,1441,14,PTB,12,4
1,6,170001609031,LIANA CIRNE,LIANA CRISTINA DA COSTA CIRNE LINS,1310,13,PT,12,5
1,4,170001618088,LUCIANA SANTOS,LUCIANA BARBOSA DE OLIVEIRA SANTOS,40,65,PC do B,12,4
1,7,170001613433,DEYVID DA COSTA,DEYVID JANUÁRIO DA COSTA,70120,70,AVANTE,3,4
1,7,170001608968,CARLOS MORAIS,CARLOS MARIO DE MORAIS,65001,65,PC do B,12,5
1,7,170001722250,BUDA GÁS,LUIZ BEZERRA DE OLIVEIRA FILHO,35678,35,PMB,3,-1
1,7,170001618734,FÁBIO MAGGI,FABIO MAGGI,11420,11,PP,12,5
1,7,170001722276,ELIZEU,ELIZEU BARBOSA DE LIMA,35462,35,PMB,12,4
1,7,170001718661,PROF LAERCIO CRUZ,LAERCIO GOMES DA CRUZ FILHO,36007,36,AGIR,12,4
1,6,170001619899,PEDRO CAMPOS,PEDRO HENRIQUE DE ANDRADE LIMA CARNEIRO CAMPOS,4040,40,PSB,12,2
1,7,170001605475,ALCIDES CARDOSO,ALCIDES JOSE DE ALBUQUERQUE CARDOSO,45245,45,PSDB,12,5
1,7,170001613430,EDUARDO VASCONCELOS,EDUARDO AYRTON CAVALCANTI VASCONCELOS,70123,70,AVANTE,12,4
1,7,170001613173,BOVINO,LUCIANO JORGE OLIVEIRA,23513,23,CIDADANIA,3,-1
1,7,170001605492,ALLAN CARNEIRO,JANILTON ALLAN MAIA CARNEIRO,23555,23,CIDADANIA,12,5
1,6,170001610417,COPIA TEREZA,TEREZA CRISTINA VASCONCELOS MONTARROYOS,7013,70,AVANTE,12,5
1,7,170001605484,BRANCA DURVANICE,DURVANICE GONÇALO DE OLIVEIRA,23345,23,CIDADANIA,3,-1
1,7,170001605481,DANNI DIAS,DANIELLA DIAS DOS SANTOS,23456,23,CIDADANIA,12,5
1,7,170001618930,SANDRA MATOS,SANDRA MATOS PONTES,12233,12,PDT,12,4
1,7,170001724261,ZÉ CACHIMBO,JOSÉ SEVERINO PESSOA,50350,50,PSOL,12,5
1,7,170001734021,GIVA DA SAÚDE,GIVANILDO FERREIRA DA SILVA,51630,51,PATRIOTA,12,5
1,7,170001619727,PR. JONAS PEREIRÃO,JONAS PEREIRA,22033,22,PL,12,5
1,6,170001609078,THIAGO PAES,THIAGO PAES ESPINDOLA,2217,22,PL,12,5
1,6,170001610394,DILSON BATISTA,DILSON BATISTA DE ALBUQUERQUE,7017,70,AVANTE,12,5
1,6,170001618603,ANDERSON CORREIA,ANDERSON CORREIA DE OLIVEIRA,1123,11,PP,12,5
1,6,170001610567,ZÉ DA LUZ,JOSÉ LUIZ DE LIMA SAMPAIO,7731,77,SOLIDARIEDADE,3,4
1,6,170001602581,FLÁVIO VASCONCELOS,FLÁVIO RODRIGO PEDROSA DE VASCONCELOS,1912,19,PODE,12,4
1,7,170001724245,ANA E AS MULHERES SERTANEJAS,ANA CLÁUDIA PINTO DOS SANTOS,50444,50,PSOL,12,5
1,7,170001613432,CENIRA DA SAÚDE,IRACENIRA DA SILVA PAIXÃO FALCÃO FARIAS,70999,70,AVANTE,3,-1
1,7,170001613440,SIMONE PAZ,SIMONE PAES BARRETO CARDOSO,70789,70,AVANTE,12,4
1,7,170001608956,CIDA PEDROSA,MARIA APARECIDA PEDROSA BEZERRA,65113,65,PC do B,12,5
1,6,170001724740,NAYANA CRUZ,NAYANA COSTA CRUZ,1266,12,PDT,12,4
1,6,170001619598,LUIZA CAROLINA,LUIZA CAROLINA DA SILVA,5044,50,PSOL,12,5
1,6,170001602560,ANDREZA ROMERO,ANDREZA BANDEIRA FERREIRA DE OLIVEIRA MELO,1944,19,PODE,12,4
1,7,170001619721,VIVI MARTINS,VIVIANE MARTINS DE ARRUDA,22422,22,PL,12,5
1,7,170001605480,MESTRE DAMIAO,DAMIAO PEDRO DA SILVA,23451,23,CIDADANIA,12,5
1,6,170001718008,BIEL COSTA,BRENO GABRIEL DA COSTA SOTERO,3355,33,PMN,12,4
1,6,170001618604,SUB-TENENTE SANTIAGO E IRMÃOS ,DAVID BATISTA SANTIAGO,1144,11,PP,12,5
1,7,170001718131,ABRAÃO BARROS,ABRAAO PEREIRA DE BARROS,33644,33,PMN,3,-1
1,7,170001620395,DIOGO MORAES,DIOGO CASE MORAES,40100,40,PSB,12,5
1,7,170001608975,JOÃO DA COSTA,JOÃO DA COSTA BEZERRA FILHO,13144,13,PT,12,5
1,6,170001618843,ELENILDO FURÃO,ELENILDO MESSIAS DA SILVA,1210,12,PDT,12,4
1,4,170001717341,ANDERSON ISAIAS,ANDERSON ISAIAS DE FRANÇA,29,29,PCO,3,4
1,7,170001620364,CAYO ALBINO,CAYO FILIPE OLIVEIRA ALBINO,40400,40,PSB,12,5
1,7,170001618421,SOUZA VIGILANTE,JOSÉ INÁCIO CASSIANO DE SOUZA,18111,18,REDE,12,5
1,7,170001610950,LUCIMAR AMORIM,LUCIMAR AMORIM ALENCAR,90999,90,PROS,12,4
1,6,170001619902,VOLEIDE ARRUDA,VOLEIDE DE OLIVEIRA ARRUDA,4013,40,PSB,12,5
1,6,170001723514,NATHALY CHAVES ,NATHALY NASCIMENTO CHAVES,9023,90,PROS,3,4
1,6,170001718015,CAMILA SANTOS,CAMILA INGRID DOS SANTOS,3312,33,PMN,12,4
1,6,170001610576,RENATA MONTEIRO,RENATA MONTEIRO DE ANDRADE,7745,77,SOLIDARIEDADE,3,-1
1,7,170001718660,PROFESSORA KEYLA CUNHA,KEYLA AGRÍCIA DA SILVA CUNHA,36721,36,AGIR,12,4
1,7,170001619692,ITMARA SOUZA,ITAMARA GOMES DE SOUZA,22118,22,PL,12,5
1,4,170001728608,PRISCILA KRAUSE,PRISCILA KRAUSE BRANCO,45,23,CIDADANIA,12,6
1,7,170001724675,CRISTIANY TORRES,CRISTIANY TORRES DA COSTA PATRIOTA,45345,45,PSDB,3,-1
1,6,170001609653,ISABEL DA AUTO ESCOLA,MARIA ISABEL DE ALBUQUERQUE DA SILVA,5110,51,PATRIOTA,12,4
1,7,170001718657,PASTORA LAUDICEIA,MARIA LAUDICEIA DA CONCEIÇÃO,36551,36,AGIR,12,4
1,7,170001639702,LUCÉLIA LIMA,LUCELIA REJANE DE ALBUQUERQUE LIMA,12888,12,PDT,12,4
1,6,170001609025,CLODOALDO MAGALHÃES,CLODOALDO MAGALHÃES OLIVEIRA LYRA,4333,43,PV,12,2
1,6,170001609118,ZECA CAVALCANTI,JOSÉ CAVALCANTI ALVES JÚNIOR,4414,44,UNIÃO,3,-1
1,7,170001595422,CASSIA COELHO,CASSIA COELHO DE SOUZA,10333,10,REPUBLICANOS,12,5
1,6,170001613278,IZA ARRUDA,IZA PAULA DE DEUS E MELLO ALBUQUERQUE ARRUDA,1555,15,MDB,12,2
1,6,170001609026,IRENE LACERDA,IRENE DE BRITO LACERDA FIGUEREDO,4343,43,PV,12,5
1,7,170001618761,EUMA LEONIDAS,EUMA DECIA LEONIDAS GOMES TAVARES DE SOUSA,11188,11,PP,12,5
1,7,170001618425,KAKÁ BEZERRA,KATHARYNE RAYLLE BEZERRA DA SILVA,18188,18,REDE,12,5
1,7,170001608955,REGIVANDO SIQUEIRA,REGIVANDO ARAÚJO SIQUEIRA,65444,65,PC do B,12,5
1,7,170001723366,NENEM DA SAÚDE,FRANCISCA GOMES DA SILVA,27555,27,DC,12,4
1,7,170001619983,GORETE MENEZES,MARIA GORETE MENEZES FREITAS,14014,14,PTB,12,4
1,6,170001733444,MAJOR CLARISSA,CLARISSA MARTINS MAMEDE,4520,45,PSDB,12,4
1,7,170001609877,JOSI,JOSÉLIA DIAS DE SOUZA DOS SANTOS,51778,51,PATRIOTA,12,5
1,6,170001718761,ZÉ AUGUSTO,JOSE AUGUSTO DO NASCIMENTO SILVA,3601,36,AGIR,12,4
1,7,170001724264,RÓ DO BAR,ROBSON LEÃO DE SOUZA,50187,50,PSOL,12,5
1,6,170001619599,SAMUEL HERCULANO,SAMUEL HERCULANO INÁCIO,5012,50,PSOL,12,5
1,7,170001609861,PEDRO BARBOSA,PEDRO BARBOSA DE SOUZA MELANCOLIE,51028,51,PATRIOTA,12,5
1,7,170001717060,PASTOR AMINADABE FLOR,AMINADABE FLOR DA SILVA,28123,28,PRTB,12,4
1,7,170001608985,PROFESSOR ZÉ LUÍS,JOSÉ LUÍS SIMÕES,13513,13,PT,12,5
1,6,170001619602,JU SOARES,JULIANNE MEDEIROS FERREIRA SOARES,1800,18,REDE,12,5
1,6,170001602569,RINALDO CARA VEIA,RINALDO JOSÉ DE LIMA,1988,19,PODE,12,4
1,7,170001609279,PASTOR LUPERCIO,LUPERCIO ALVES BEZERRA,44567,44,UNIÃO,12,5
1,6,170001609089,IVAN GUEDES,IVAN GUEDES DE LIMA FILHO,2238,22,PL,12,5
1,6,170001602572,REGINALDO PRATICAMENTE,REGINALDO ALBUQUERQUE DA SILVA,1929,19,PODE,12,4
1,7,170001724874,TÃO SEBASTIÃO NETO,SEBASTIÃO SOARES NETO,70333,70,AVANTE,12,4
1,6,170001602565,DOUGLAS CINTRA,DOUGLAS MAURÍCIO RAMOS CINTRA,1990,19,PODE,12,4
1,6,170001610564,ROSINHA DE CARLOS RODOLFO,ROSANGELA BRASIL GALINDO DE MELO,7711,77,SOLIDARIEDADE,12,5
1,7,170001595442,DRA FLAVIA VANDERLEI,MARIA FLAVIA RICARDO VANDERLEI E OLIVEIRA,10500,10,REPUBLICANOS,12,5
1,6,170001610418,VERA FIGUEIREDO,VERALUCIA DA COSTA BARROS FIGUEIREDO,7044,70,AVANTE,12,5
1,7,170001620370,WILTON BRITO,JOSÉ WILTON DE BRITO CAVALCANTI,40856,40,PSB,12,5
1,7,170001609881,MICILENE MEDEIROS SCHWAB,MICILENE DE MEDEIROS SCHWAB,51151,51,PATRIOTA,12,5
1,7,170001724257,GALEGUINHO,JOSÉ APARECIDO XAVIER DIAS,50999,50,PSOL,3,-1
1,6,170001610406,CANTOR J NETO,JOSE CLEMENTINO DE AZEVEDO NETO,7028,70,AVANTE,12,5
1,6,170001610411,WALDEMAR OLIVEIRA,WALDEMAR DE ANDRADA IGNÁCIO DE OLIVEIRA,7070,70,AVANTE,12,2
1,6,170001634980,DR JORGE MARQUES,JORGE FERNANDES MARQUES NETO,2817,28,PRTB,12,4
1,7,170001600159,RAFAEL WANDERLEY,RAFAEL WANDERLEY DA SILVA,80000,80,UP,12,4
1,3,170001715590,JONES MANOEL,JONES MANOEL DA SILVA,21,21,PCB,12,4
1,7,170001608960,ROSA AMORIM,ROSA KARINA SOUZA DE AMORIM,13100,13,PT,12,2
1,4,170001618272,CAROL TOSAKA,CAROLINE MENEZES TOSAKA PARENTE,14,14,PTB,12,4
1,7,170001610745,EVÂNGELA VIEIRA,EVÂNGELA VIEIRA GALDINO VILELA DANTAS,77770,77,SOLIDARIEDADE,12,5
1,6,170001718007,RENATA ROCHA,RENATA GABRIELA DA SILVA SANTANA DA ROCHA,3309,33,PMN,3,4
1,7,170001718646,WELSON AMARAL,JOSE WELSON DA SILVA,36232,36,AGIR,12,4
1,7,170001724252,MARACA,EDVALDO MARIO DO MONTE,50122,50,PSOL,12,5
1,7,170001718656,LUCIANO RAÇÕES,LUCIANO ALVES DA SILVA,36140,36,AGIR,12,4
1,7,170001718645,CORRETOR VALMIR,VALMIR ALMEIDA DE SANTANA,36136,36,AGIR,12,4
1,6,170001721977,EBSON SENA,EBSON ARAGÃO DE SENA,3511,35,PMB,3,-1
1,7,170001619711,ALDENY BRUNO,ALDENY BRUNO FERREIRA DOS PRAZERES,22038,22,PL,12,5
1,7,170001610715,PEDÃO,PEDRO IVO DA SILVA WANDERLEY,77190,77,SOLIDARIEDADE,12,5
1,7,170001609306,ROBERTO MAGLIANO,ROBERTO MAGLIANO JUNIOR,44155,44,UNIÃO,12,5
1,7,170001609262,SERGINHO ,SERGIO SILVA DE OLIVEIRA,44456,44,UNIÃO,12,5
1,6,170001718760,PAULO SULIVAN,LUIZ PAULO DA SILVA JUNIOR,3611,36,AGIR,12,4
1,6,170001619595,PEDRO STILO,PEDRO HENRIQUE SIQUEIRA SANTOS,5055,50,PSOL,12,5
1,6,170001718028,MARCELO SILVA,MARCELO CARLOS GOMES DA SILVA,3323,33,PMN,3,-1
1,6,170001718006,IRMAO DINIZ,JOSE DINIZ FERREIRA,3322,33,PMN,12,4
1,7,170001619722,NELSON MONTEIRO,NELSON MONTEIRO COSTA NETTO,22333,22,PL,12,5
1,7,170001620381,RODRIGO NOVAES,RODRIGO CAVALCANTI NOVAES,40555,40,PSB,12,2
1,6,170001609032,JOÃO ALFREDO,JOÃO ALFREDO DE ARAÚJO,1300,13,PT,12,5
1,7,170001620374,ALUISIO LESSA,JOSÉ ALUISIO LESSA DA SILVA FILHO,40777,40,PSB,12,5
1,6,170001634655,ADEILDO AGUIAR,ADEILDO MANOEL AGUIAR DA SILVA,5170,51,PATRIOTA,3,-1
1,6,170001595469,COMISSARIA PATRICIA,PATRICIA MARIA FERREIRA DE SOUZA,1050,10,REPUBLICANOS,12,5
1,6,170001721979,PAULA FERNANDA,PAULA FERNANDA CARNEIRO TOSCANO BRAINER,3535,35,PMB,12,4
1,7,170001618758,KARINA RIBEIRO,KARINA DE SANTANA RIBEIRO,11117,11,PP,12,5
1,7,170001722263,INÊS DIAS,INÊS MARIA DIAS DA SILVA,35555,35,PMB,3,-1
1,6,170001610403,CRISTIANE MONETA,CRISTIANE DE AZEVEDO MONETA MEIRA,7040,70,AVANTE,12,5
1,10,170001735151,ROMENA SANTOS ARAÚJO,ROMENA SANTOS ARAÚJO,500,50,PSOL,12,4
1,7,170001605471,PERITA SANDRA SANTOS,SANDRA MARIA DOS SANTOS,45888,45,PSDB,12,5
1,6,170001600160,LUDMILA OUTTES,LUDMILA MEDEIROS OUTTES ALVES,8080,80,UP,12,4
1,7,170001605466,MURILINHO,LEONARDO FELIPE SILVA,23234,23,CIDADANIA,12,5
1,7,170001620373,DIEGO PEREZ,DIEGO PORTO PEREZ,40004,40,PSB,12,5
1,7,170001717068,PROF POLICIAL MARCOS DOURADO,MARCOS JOSE DOURADO CABRAL,28190,28,PRTB,12,4
1,7,170001609857,DOUTOR SAULO,SAULO BARROS DE ALBUQUERQUE,51123,51,PATRIOTA,12,5
1,7,170001717061,DR ANTONIO MÉDICO,ANTONIO OLIVEIRA DE MORAES FILHO,28288,28,PRTB,12,4
1,7,170001609865,EDILSON CARLOS,EDILSON CARLOS DA SILVA,51422,51,PATRIOTA,12,5
1,7,170001610752,HIURI BARRETO,HIURI BARRETO,77137,77,SOLIDARIEDADE,12,5
1,6,170001604104,SOLANGE CARVALHO,MARCIA SOLANGE CARVALHO LUCAS MARTINS,4512,45,PSDB,3,-1
1,6,170001609034,MAÍRA VILAR,MAÍRA ARAÚJO VILAR FERNANDES,4321,43,PV,12,5
1,7,170001595448,BIL OLIVEIRA,SEVERINO JOSÉ DE OLIVEIRA,10513,10,REPUBLICANOS,12,5
1,7,170001595441,MARCELO DA COOPERATIVA,MARCELO CEZAR SANTOS,10537,10,REPUBLICANOS,12,5
1,7,170001609854,WRANIO SARAIVA,WRANIO JOSÉ MENDES SARAIVA,51031,51,PATRIOTA,12,5
1,6,170001604107,RODOLFO ALBUQUERQUE,RODOLFO DONIZETI CARNEIRO DE ALBUQUERQUE ROCHA,4510,45,PSDB,12,4
1,3,170001602587,ANDERSON FERREIRA,ANDERSON FERREIRA RODRIGUES,22,22,PL,12,4
1,6,170001723360,BAXINHA BARÃO,SEBASTIÃO VELOSO DE OLIVEIRA FILHO,2713,27,DC,12,4
1,6,170001618850,PEDRO DO PIPA,JOSEMI PEREIRA PAZ,1244,12,PDT,12,4
1,10,170001604085,ZUZA MONTEIRO,ANTONIO JOSÉ DE QUEIROZ MONTEIRO,222,22,PL,12,4
1,6,170001717459,KLEVER GARRETT,KLEVER JOSÉ DA SILVA GARRETT,2907,29,PCO,3,4
1,6,170001613283,PROFESSOR SINÉSIO,SINÉSIO MONTEIRO DE MELO FILHO,1510,15,MDB,12,5
1,9,170001618132,SILVIO COSTA,SILVIO SERAFIM COSTA,130,10,REPUBLICANOS,12,1
1,7,170001618750,MARCELA ARRUDA,MARCELA ALEXANDRA DA SILVA ARRUDA,11180,11,PP,12,5
1,7,170001618724,CLARICE CORREA,CLARICE LEMOS CORREA DE OLIVEIRA ANDRADE,11334,11,PP,3,-1
1,6,170001609658,ANA LÉA,ROSIANE LÉA DA SILVA,5120,51,PATRIOTA,12,4
1,7,170001618723,ROSANA GOMES,ROSANA DE MIRANDA FERREIRA GOMES,11112,11,PP,12,5
1,7,170001609270,MISSIONARIA SAVANA,SANEY SAVANA NASCIMENTO DOS ANJOS,44778,44,UNIÃO,12,5
1,7,170001609277,MARIANA NUNES ,MARIANA NUNES DE ARAUJO,44440,44,UNIÃO,12,5
1,7,170001613428,ARI ABÁ,ARINALDO LINS FULCO,70111,70,AVANTE,12,4
1,6,170001715428,PASTOR LUCAS BARBOZA,LUCAS TORRES ARAUJO BARBOZA,2001,20,PSC,12,4
1,7,170001610718,RAMOS JÚNIOR DE GAMELEIRA,EZEQUIEL RAMOS JUNIOR,77710,77,SOLIDARIEDADE,12,5
1,6,170001715593,ANTÔNIO OXIS,ANTÔNIO ELIAS PEREIRA,2100,21,PCB,12,4
1,6,170001732342,INGRID BRAZ,INGRID THAYANNE BRAZ SILVA,4530,45,PSDB,12,4
1,7,170001722269,DJ EVERALDO SILVA,EVERALDO JUSTINO DA SILVA,35001,35,PMB,3,-1
1,7,170001609868,JOÃOZINHO TENÓRIO,JOÃO TENÓRIO VAZ CAVALCANTI JÚNIOR,51555,51,PATRIOTA,12,2
1,6,170001602562,CIDI,CIDICLEY SILVA DE MELO,1977,19,PODE,12,4
1,7,170001608981,WEDSON GALINDO,WEDSON CARLOS MARINHO GALINDO,13111,13,PT,12,5
1,7,170001715595,CRISTIANO ROMÃO,JOSÉ CRISTIANO TEODÓSIO ROMÃO,21000,21,PCB,12,4
1,6,170001618612,VALERIA NASCIMENTO,VALERIA INES DO NASCIMENTO,1113,11,PP,12,5
1,7,170001605482,DEBORA ALMEIDA,DEBORA LUZINETE DE ALMEIDA SEVERO,45555,45,PSDB,12,2
1,6,170001604099,GLAUCIA ANDRADE,GLAUCIA KAMILA ANDRADE RIBEIRO DA SILVA,4500,45,PSDB,12,4
1,4,170001715591,RALINE ALMEIDA,RALINE SANTANA DE ALMEIDA,21,21,PCB,12,4
1,7,170001722252,ALISSON MADEIRO,ALISSON AURELIO MADEIRO,35000,35,PMB,12,4
1,7,170001618429,ROSA DA SINDICALISTAS RESISTEM,ROSILDA MARIA DA SILVA PINHEIRO,50333,50,PSOL,12,5
1,7,170001717064,RAFAEL MONTENEGRO,RAFAEL MONTENEGRO DE OLIVEIRA,28777,28,PRTB,3,-1
1,6,170001609087,PASTOR EURICO,FRANCISCO EURICO DA SILVA,2200,22,PL,12,2
1,6,170001618611,EDUARDO DA FONTE,EDUARDO HENRIQUE DA FONTE DE ALBUQUERQUE SILVA,1111,11,PP,12,2
1,6,170001596603,JONATHAN COSTA,JONATHAN ALVES DA COSTA,3066,30,NOVO,12,4
1,7,170001718138,JOELSON O LISO,JOELSON VICTOR DIAS,33789,33,PMN,12,4
1,7,170001619987,MARCIO MAQUEIRO,MARCIO DOS SANTOS VIEIRA,14999,14,PTB,12,4
1,6,170001609111,MENDONÇA FILHO,JOSÉ MENDONÇA BEZERRA FILHO,4433,44,UNIÃO,12,2
1,6,170001613272,ZE MAURICIO,JOSÉ MAURICIO VALLADÃO CAVALCANTI FERREIRA,1511,15,MDB,3,-1
1,7,170001620393,FRANCISMAR,FRANCISMAR MENDES PONTES,40654,40,PSB,12,2
1,7,170001618415,POETA PAULO DE CARVALHO,PAULO DE CARVALHO SILVA,50321,50,PSOL,12,5
1,6,170001609122,FERNANDO FILHO,FERNANDO BEZERRA DE SOUZA COELHO FILHO,4401,44,UNIÃO,12,2
1,7,170001613426,DELEGADO AMARELINHO,ALAUMO GOMES DE LIMA,70070,70,AVANTE,12,4
1,7,170001618753,ANTONIO FERNANDO,ANTONIO FERNANDO DE AQUINO BEZERRA,11333,11,PP,12,5
1,6,170001618851,ROBSON LOBAO,ROBSON ANTONIO DA SILVA,1246,12,PDT,12,4
1,6,170001619895,GONZAGA PATRIOTA,LUIZ GONZAGA PATRIOTA,4000,40,PSB,12,5
1,6,170001718779,CICERO IRAN,CÍCERO JOAQUIM DE BARROS MORAES,3609,36,AGIR,12,4
1,6,170001619585,IVO DE XAMBÁ,ADEILDO PARAÍSO DA SILVA,5065,50,PSOL,12,5
1,7,170001610720,VÂNIA SANTOS ,EDVANIA MARIA DOS SANTOS,77010,77,SOLIDARIEDADE,12,5
1,7,170001718664,SUELEN CAMILA,SWELLEN CAMILA LIMA DA SILVA,36085,36,AGIR,12,4
1,6,170001595458,DANIELE FERREIRA,DANIELE FERREIRA DA CUNHA,1040,10,REPUBLICANOS,12,5
1,6,170001604103,LUCINEIDE BRASIL,LUCINEIDE BRASIL DE MATOS,4599,45,PSDB,3,-1
1,6,170001618849,HERIKA ARAÚJO,HERIKA DE ARAUJO SILVA,1245,12,PDT,12,4
1,7,170001610733,GLAURIA SIMÕES,GLAURIA MARIA SIMOES MAIA ALMEIDA,77133,77,SOLIDARIEDADE,12,5
1,7,170001726025,VERA LETICIA,VERA LETICIA MOREIRA LINS,45999,45,PSDB,12,5
1,7,170001609275,ELBA SANTOS,ELBANIA SEVERINA DOS SANTOS,44040,44,UNIÃO,12,5
1,7,170001618940,MARCELO BARROS,MARCELO BARTOLOMEU NASCIMENTO DO REGO BARROS,12012,12,PDT,12,4
1,6,170001618601,DR. ROGERIO LUCCA,ROGERIO LIMA DE LUCCA,1177,11,PP,12,5
1,6,170001602563,CRISTOVAM BOMBEIRO,CRISTOVAM FERREIRA DE MELO,1930,19,PODE,12,4
1,7,170001595421,SGT RAUL,CARLOS RAUL LINS PEREIRA,10190,10,REPUBLICANOS,12,5
1,7,170001609299,CORONEL CAMPOS,MARCOS CAMPOS DE ALBUQUERQUE,44333,44,UNIÃO,12,5
1,7,170001717063,MARCELO VIEIRA,MARCELO VIEIRA BEZERRA,28007,28,PRTB,12,4
1,7,170001724260,CEARÁ DAS PRAIAS,JOSÉ ROGNEY DA COSTA,50008,50,PSOL,12,5
1,7,170001609871,EDUARDO CAMPELO,EDUARDO CAMPELO DE MORAIS,51477,51,PATRIOTA,12,5
1,7,170001619700,LAZINHO TORITAMA,LAZARO JOSÉ DE LUCENA,22011,22,PL,12,5
1,7,170001609872,IZAILDO NASCIMENTO,IZAILDO NASCIMENTO DA SILVA,51888,51,PATRIOTA,12,5
1,6,170001618847,CRISTIANO JOSÉ,CRISTIANO JOSÉ DA SILVA,1221,12,PDT,12,4
1,6,170001723347,CAROL BARRADAS,ANA CAROLINA DE SOUZA BARRADAS,2700,27,DC,12,4
1,7,170001718132,GALEGA DA BANCA,AGUINAIR GOMES DA SILVA,33999,33,PMN,12,4
1,7,170001609853,GERA DO POSTO,GERALDO DA SILVA,51222,51,PATRIOTA,12,5
1,6,170001618602,ABDIAS DO BADOQUE,ABDIAS DE MELO TEIXEIRA NETO,1110,11,PP,12,5
1,6,170001620150,PROF JOÃO GALDINO,JOÃO GALDINO DA SILVA,1410,14,PTB,12,4
1,6,170001715427,DR ARI FERREIRA DUTRA,ARISTOTELES FERREIRA DUTRA,2020,20,PSC,12,4
1,6,170001609075,ROBSON FERREIRA,ROBSON FERREIRA E SILVA,2211,22,PL,12,5
1,7,170001610722,SANDRA CELESTINO,SANDRA MARIA DA SILVA FIDELIS,77007,77,SOLIDARIEDADE,12,5
1,6,170001595452,POLICIAL ALYNE ANNE,ALYNE ANNE SOARES DE OLIVEIRA,1015,10,REPUBLICANOS,12,5
1,6,170001609646,DEBORAH LEITE,DEBORAH JULIANNA LEITE ALVES,5151,51,PATRIOTA,12,4
1,7,170001722273,LUCÉLIA,RAIMUNDA LUCELIA ARARUNA SANTANA,35300,35,PMB,12,4
1,7,170001608964,FABIANA SCHREINER,FABIANA SCHREINER DE ANDRADE,43222,43,PV,12,5
1,7,170001618752,PASTOR JUNIOR TERCIO,JOSÉ IVANILDO DE MOURA JUNIOR,11222,11,PP,12,2
1,7,170001605494,JESUINO ARAUJO,JESUINO GOMES DE ARAUJO NETO,23123,23,CIDADANIA,12,5
1,7,170001620368,ELIANE ALVES,MARIA ELIANE ALVES DA CRUZ,40013,40,PSB,12,5
1,10,170001613413,EDILMA SIQUEIRA,EDILMA SIQUEIRA DO NASCIMENTO,500,50,PSOL,3,-1
1,6,170001619900,TEREZA RAQUEL,TEREZA RAQUEL DA SILVA MELO,4009,40,PSB,12,5
1,7,170001619984,BEZINHA BELÉM,SEBASTIANA DA COSTA BELÉM,14222,14,PTB,12,4
1,6,170001613273,CIBELLE ALBUQUERQUE,LEDJA CIBELLE ALBUQUERQUE DANTAS,1544,15,MDB,12,5
1,7,170001723373,YARA MARQUES,SIDINARA MARQUES MENDES NERES,27327,27,DC,12,4
1,7,170001608967,CRISTINA COSTA,MARIA CRISTINA COSTA DE CARVALHO,13688,13,PT,12,5
1,7,170001595446,SANDRO FERRAZ,SANDRO HENRIQUE FERRAZ,10212,10,REPUBLICANOS,12,5
1,6,170001730172,JOÃO PEDRO,JOÃO PEDRO SOUZA DA SILVA,8000,80,UP,12,4
1,7,170001609288,DIEGO KETRIRI,DIEGO DE SANTANA LEITE,44022,44,UNIÃO,12,5
1,7,170001724254,JARIBE CARNEIRO,JARIBE SILVA DE NOBAIA CARNEIRO,50888,50,PSOL,3,-1
1,7,170001610739,JÚLIO LÓSSIO FILHO,JÚLIO EMÍLIO LÓSSIO DE MACEDO FILHO,77055,77,SOLIDARIEDADE,12,5
1,7,170001608974,JOÃO DE NADEGI,JOÃO VICTOR QUEIROZ DO NASCIMENTO,43643,43,PV,12,3
1,7,170001609300,ANDRÉA PAULA DA SILVA,ANDREA PAULA DA SILVA COSTA,44500,44,UNIÃO,12,5
1,7,170001619723,DRA. NATAL FREIRE,MARIA NATAL EVANGELISTA FREIRE,22332,22,PL,12,5
1,6,170001610575,FABÍOLA CABRAL,FABÍOLA KARLA DE OLIVEIRA MACIEL,7777,77,SOLIDARIEDADE,12,5
1,7,170001608965,SUZI RODRIGUES,SUZINEIDE RODRIGUES DE MEDEIROS,13000,13,PT,12,5
